template_id,status,recommended_action,estimated_ctr,confidence_interval,total_sends,confidence_width,exploration_priority
T0630_hi,UNCERTAIN,CONTINUE_TESTING,0.5,"[0.000, 1.000]",0,1.0,HIGH
T0630,UNCERTAIN,CONTINUE_TESTING,0.5,"[0.000, 1.000]",0,1.0,HIGH
T0001_hi,UNCERTAIN,CONTINUE_TESTING,0.5,"[0.000, 1.000]",0,1.0,HIGH
T0629_hi,UNCERTAIN,CONTINUE_TESTING,0.5,"[0.000, 1.000]",0,1.0,HIGH
T0002_hi,UNCERTAIN,CONTINUE_TESTING,0.5,"[0.000, 1.000]",0,1.0,HIGH
T0629,UNCERTAIN,CONTINUE_TESTING,0.5,"[0.000, 1.000]",0,1.0,HIGH
T0003_hi,UNCERTAIN,CONTINUE_TESTING,0.5,"[0.000, 1.000]",0,1.0,HIGH
T0628_hi,UNCERTAIN,CONTINUE_TESTING,0.5,"[0.000, 1.000]",0,1.0,HIGH
T0609,UNCERTAIN,CONTINUE_TESTING,0.5,"[0.000, 1.000]",0,1.0,HIGH
T0609_hi,UNCERTAIN,CONTINUE_TESTING,0.5,"[0.000, 1.000]",0,1.0,HIGH
T0610,UNCERTAIN,CONTINUE_TESTING,0.5,"[0.000, 1.000]",0,1.0,HIGH
T0610_hi,UNCERTAIN,CONTINUE_TESTING,0.5,"[0.000, 1.000]",0,1.0,HIGH
T0611,UNCERTAIN,CONTINUE_TESTING,0.5,"[0.000, 1.000]",0,1.0,HIGH
T0611_hi,UNCERTAIN,CONTINUE_TESTING,0.5,"[0.000, 1.000]",0,1.0,HIGH
T0612,UNCERTAIN,CONTINUE_TESTING,0.5,"[0.000, 1.000]",0,1.0,HIGH
T0612_hi,UNCERTAIN,CONTINUE_TESTING,0.5,"[0.000, 1.000]",0,1.0,HIGH
T0605,UNCERTAIN,CONTINUE_TESTING,0.5,"[0.000, 1.000]",0,1.0,HIGH
T0605_hi,UNCERTAIN,CONTINUE_TESTING,0.5,"[0.000, 1.000]",0,1.0,HIGH
T0606,UNCERTAIN,CONTINUE_TESTING,0.5,"[0.000, 1.000]",0,1.0,HIGH
T0606_hi,UNCERTAIN,CONTINUE_TESTING,0.5,"[0.000, 1.000]",0,1.0,HIGH
T0607,UNCERTAIN,CONTINUE_TESTING,0.5,"[0.000, 1.000]",0,1.0,HIGH
T0607_hi,UNCERTAIN,CONTINUE_TESTING,0.5,"[0.000, 1.000]",0,1.0,HIGH
T0608,UNCERTAIN,CONTINUE_TESTING,0.5,"[0.000, 1.000]",0,1.0,HIGH
T0608_hi,UNCERTAIN,CONTINUE_TESTING,0.5,"[0.000, 1.000]",0,1.0,HIGH
T0601,UNCERTAIN,CONTINUE_TESTING,0.5,"[0.000, 1.000]",0,1.0,HIGH
T0601_hi,UNCERTAIN,CONTINUE_TESTING,0.5,"[0.000, 1.000]",0,1.0,HIGH
T0602,UNCERTAIN,CONTINUE_TESTING,0.5,"[0.000, 1.000]",0,1.0,HIGH
T0602_hi,UNCERTAIN,CONTINUE_TESTING,0.5,"[0.000, 1.000]",0,1.0,HIGH
T0603,UNCERTAIN,CONTINUE_TESTING,0.5,"[0.000, 1.000]",0,1.0,HIGH
T0603_hi,UNCERTAIN,CONTINUE_TESTING,0.5,"[0.000, 1.000]",0,1.0,HIGH
T0604,UNCERTAIN,CONTINUE_TESTING,0.5,"[0.000, 1.000]",0,1.0,HIGH
T0604_hi,UNCERTAIN,CONTINUE_TESTING,0.5,"[0.000, 1.000]",0,1.0,HIGH
T0597,UNCERTAIN,CONTINUE_TESTING,0.5,"[0.000, 1.000]",0,1.0,HIGH
T0597_hi,UNCERTAIN,CONTINUE_TESTING,0.5,"[0.000, 1.000]",0,1.0,HIGH
T0598,UNCERTAIN,CONTINUE_TESTING,0.5,"[0.000, 1.000]",0,1.0,HIGH
T0598_hi,UNCERTAIN,CONTINUE_TESTING,0.5,"[0.000, 1.000]",0,1.0,HIGH
T0599,UNCERTAIN,CONTINUE_TESTING,0.5,"[0.000, 1.000]",0,1.0,HIGH
T0599_hi,UNCERTAIN,CONTINUE_TESTING,0.5,"[0.000, 1.000]",0,1.0,HIGH
T0600,UNCERTAIN,CONTINUE_TESTING,0.5,"[0.000, 1.000]",0,1.0,HIGH
T0600_hi,UNCERTAIN,CONTINUE_TESTING,0.5,"[0.000, 1.000]",0,1.0,HIGH
T0033_hi,UNCERTAIN,CONTINUE_TESTING,0.5,"[0.000, 1.000]",0,1.0,HIGH
T0034_hi,UNCERTAIN,CONTINUE_TESTING,0.5,"[0.000, 1.000]",0,1.0,HIGH
T0035_hi,UNCERTAIN,CONTINUE_TESTING,0.5,"[0.000, 1.000]",0,1.0,HIGH
T0036_hi,UNCERTAIN,CONTINUE_TESTING,0.5,"[0.000, 1.000]",0,1.0,HIGH
T0029_hi,UNCERTAIN,CONTINUE_TESTING,0.5,"[0.000, 1.000]",0,1.0,HIGH
T0030_hi,UNCERTAIN,CONTINUE_TESTING,0.5,"[0.000, 1.000]",0,1.0,HIGH
T0031_hi,UNCERTAIN,CONTINUE_TESTING,0.5,"[0.000, 1.000]",0,1.0,HIGH
T0032_hi,UNCERTAIN,CONTINUE_TESTING,0.5,"[0.000, 1.000]",0,1.0,HIGH
T0025_hi,UNCERTAIN,CONTINUE_TESTING,0.5,"[0.000, 1.000]",0,1.0,HIGH
T0026_hi,UNCERTAIN,CONTINUE_TESTING,0.5,"[0.000, 1.000]",0,1.0,HIGH
T0027_hi,UNCERTAIN,CONTINUE_TESTING,0.5,"[0.000, 1.000]",0,1.0,HIGH
T0028_hi,UNCERTAIN,CONTINUE_TESTING,0.5,"[0.000, 1.000]",0,1.0,HIGH
T0021_hi,UNCERTAIN,CONTINUE_TESTING,0.5,"[0.000, 1.000]",0,1.0,HIGH
T0022_hi,UNCERTAIN,CONTINUE_TESTING,0.5,"[0.000, 1.000]",0,1.0,HIGH
T0023_hi,UNCERTAIN,CONTINUE_TESTING,0.5,"[0.000, 1.000]",0,1.0,HIGH
T0024_hi,UNCERTAIN,CONTINUE_TESTING,0.5,"[0.000, 1.000]",0,1.0,HIGH
T0049,UNCERTAIN,CONTINUE_TESTING,0.5,"[0.000, 1.000]",0,1.0,HIGH
T0049_hi,UNCERTAIN,CONTINUE_TESTING,0.5,"[0.000, 1.000]",0,1.0,HIGH
T0050,UNCERTAIN,CONTINUE_TESTING,0.5,"[0.000, 1.000]",0,1.0,HIGH
T0050_hi,UNCERTAIN,CONTINUE_TESTING,0.5,"[0.000, 1.000]",0,1.0,HIGH
T0051,UNCERTAIN,CONTINUE_TESTING,0.5,"[0.000, 1.000]",0,1.0,HIGH
T0051_hi,UNCERTAIN,CONTINUE_TESTING,0.5,"[0.000, 1.000]",0,1.0,HIGH
T0052,UNCERTAIN,CONTINUE_TESTING,0.5,"[0.000, 1.000]",0,1.0,HIGH
T0052_hi,UNCERTAIN,CONTINUE_TESTING,0.5,"[0.000, 1.000]",0,1.0,HIGH
T0045_hi,UNCERTAIN,CONTINUE_TESTING,0.5,"[0.000, 1.000]",0,1.0,HIGH
T0046_hi,UNCERTAIN,CONTINUE_TESTING,0.5,"[0.000, 1.000]",0,1.0,HIGH
T0047_hi,UNCERTAIN,CONTINUE_TESTING,0.5,"[0.000, 1.000]",0,1.0,HIGH
T0048_hi,UNCERTAIN,CONTINUE_TESTING,0.5,"[0.000, 1.000]",0,1.0,HIGH
T0041_hi,UNCERTAIN,CONTINUE_TESTING,0.5,"[0.000, 1.000]",0,1.0,HIGH
T0042_hi,UNCERTAIN,CONTINUE_TESTING,0.5,"[0.000, 1.000]",0,1.0,HIGH
T0043_hi,UNCERTAIN,CONTINUE_TESTING,0.5,"[0.000, 1.000]",0,1.0,HIGH
T0044_hi,UNCERTAIN,CONTINUE_TESTING,0.5,"[0.000, 1.000]",0,1.0,HIGH
T0037_hi,UNCERTAIN,CONTINUE_TESTING,0.5,"[0.000, 1.000]",0,1.0,HIGH
T0038_hi,UNCERTAIN,CONTINUE_TESTING,0.5,"[0.000, 1.000]",0,1.0,HIGH
T0039_hi,UNCERTAIN,CONTINUE_TESTING,0.5,"[0.000, 1.000]",0,1.0,HIGH
T0040_hi,UNCERTAIN,CONTINUE_TESTING,0.5,"[0.000, 1.000]",0,1.0,HIGH
T0065,UNCERTAIN,CONTINUE_TESTING,0.5,"[0.000, 1.000]",0,1.0,HIGH
T0065_hi,UNCERTAIN,CONTINUE_TESTING,0.5,"[0.000, 1.000]",0,1.0,HIGH
T0066,UNCERTAIN,CONTINUE_TESTING,0.5,"[0.000, 1.000]",0,1.0,HIGH
T0066_hi,UNCERTAIN,CONTINUE_TESTING,0.5,"[0.000, 1.000]",0,1.0,HIGH
T0067,UNCERTAIN,CONTINUE_TESTING,0.5,"[0.000, 1.000]",0,1.0,HIGH
T0067_hi,UNCERTAIN,CONTINUE_TESTING,0.5,"[0.000, 1.000]",0,1.0,HIGH
T0068,UNCERTAIN,CONTINUE_TESTING,0.5,"[0.000, 1.000]",0,1.0,HIGH
T0068_hi,UNCERTAIN,CONTINUE_TESTING,0.5,"[0.000, 1.000]",0,1.0,HIGH
T0061,UNCERTAIN,CONTINUE_TESTING,0.5,"[0.000, 1.000]",0,1.0,HIGH
T0061_hi,UNCERTAIN,CONTINUE_TESTING,0.5,"[0.000, 1.000]",0,1.0,HIGH
T0062,UNCERTAIN,CONTINUE_TESTING,0.5,"[0.000, 1.000]",0,1.0,HIGH
T0062_hi,UNCERTAIN,CONTINUE_TESTING,0.5,"[0.000, 1.000]",0,1.0,HIGH
T0063,UNCERTAIN,CONTINUE_TESTING,0.5,"[0.000, 1.000]",0,1.0,HIGH
T0063_hi,UNCERTAIN,CONTINUE_TESTING,0.5,"[0.000, 1.000]",0,1.0,HIGH
T0064,UNCERTAIN,CONTINUE_TESTING,0.5,"[0.000, 1.000]",0,1.0,HIGH
T0064_hi,UNCERTAIN,CONTINUE_TESTING,0.5,"[0.000, 1.000]",0,1.0,HIGH
T0057,UNCERTAIN,CONTINUE_TESTING,0.5,"[0.000, 1.000]",0,1.0,HIGH
T0057_hi,UNCERTAIN,CONTINUE_TESTING,0.5,"[0.000, 1.000]",0,1.0,HIGH
T0058,UNCERTAIN,CONTINUE_TESTING,0.5,"[0.000, 1.000]",0,1.0,HIGH
T0058_hi,UNCERTAIN,CONTINUE_TESTING,0.5,"[0.000, 1.000]",0,1.0,HIGH
T0059,UNCERTAIN,CONTINUE_TESTING,0.5,"[0.000, 1.000]",0,1.0,HIGH
T0059_hi,UNCERTAIN,CONTINUE_TESTING,0.5,"[0.000, 1.000]",0,1.0,HIGH
T0060,UNCERTAIN,CONTINUE_TESTING,0.5,"[0.000, 1.000]",0,1.0,HIGH
T0060_hi,UNCERTAIN,CONTINUE_TESTING,0.5,"[0.000, 1.000]",0,1.0,HIGH
T0053,UNCERTAIN,CONTINUE_TESTING,0.5,"[0.000, 1.000]",0,1.0,HIGH
T0053_hi,UNCERTAIN,CONTINUE_TESTING,0.5,"[0.000, 1.000]",0,1.0,HIGH
T0054,UNCERTAIN,CONTINUE_TESTING,0.5,"[0.000, 1.000]",0,1.0,HIGH
T0054_hi,UNCERTAIN,CONTINUE_TESTING,0.5,"[0.000, 1.000]",0,1.0,HIGH
T0055,UNCERTAIN,CONTINUE_TESTING,0.5,"[0.000, 1.000]",0,1.0,HIGH
T0055_hi,UNCERTAIN,CONTINUE_TESTING,0.5,"[0.000, 1.000]",0,1.0,HIGH
T0056,UNCERTAIN,CONTINUE_TESTING,0.5,"[0.000, 1.000]",0,1.0,HIGH
T0056_hi,UNCERTAIN,CONTINUE_TESTING,0.5,"[0.000, 1.000]",0,1.0,HIGH
T0081,UNCERTAIN,CONTINUE_TESTING,0.5,"[0.000, 1.000]",0,1.0,HIGH
T0081_hi,UNCERTAIN,CONTINUE_TESTING,0.5,"[0.000, 1.000]",0,1.0,HIGH
T0082,UNCERTAIN,CONTINUE_TESTING,0.5,"[0.000, 1.000]",0,1.0,HIGH
T0082_hi,UNCERTAIN,CONTINUE_TESTING,0.5,"[0.000, 1.000]",0,1.0,HIGH
T0083,UNCERTAIN,CONTINUE_TESTING,0.5,"[0.000, 1.000]",0,1.0,HIGH
T0083_hi,UNCERTAIN,CONTINUE_TESTING,0.5,"[0.000, 1.000]",0,1.0,HIGH
T0084,UNCERTAIN,CONTINUE_TESTING,0.5,"[0.000, 1.000]",0,1.0,HIGH
T0084_hi,UNCERTAIN,CONTINUE_TESTING,0.5,"[0.000, 1.000]",0,1.0,HIGH
T0077,UNCERTAIN,CONTINUE_TESTING,0.5,"[0.000, 1.000]",0,1.0,HIGH
T0077_hi,UNCERTAIN,CONTINUE_TESTING,0.5,"[0.000, 1.000]",0,1.0,HIGH
T0078,UNCERTAIN,CONTINUE_TESTING,0.5,"[0.000, 1.000]",0,1.0,HIGH
T0078_hi,UNCERTAIN,CONTINUE_TESTING,0.5,"[0.000, 1.000]",0,1.0,HIGH
T0079,UNCERTAIN,CONTINUE_TESTING,0.5,"[0.000, 1.000]",0,1.0,HIGH
T0079_hi,UNCERTAIN,CONTINUE_TESTING,0.5,"[0.000, 1.000]",0,1.0,HIGH
T0080,UNCERTAIN,CONTINUE_TESTING,0.5,"[0.000, 1.000]",0,1.0,HIGH
T0080_hi,UNCERTAIN,CONTINUE_TESTING,0.5,"[0.000, 1.000]",0,1.0,HIGH
T0073,UNCERTAIN,CONTINUE_TESTING,0.5,"[0.000, 1.000]",0,1.0,HIGH
T0073_hi,UNCERTAIN,CONTINUE_TESTING,0.5,"[0.000, 1.000]",0,1.0,HIGH
T0074,UNCERTAIN,CONTINUE_TESTING,0.5,"[0.000, 1.000]",0,1.0,HIGH
T0074_hi,UNCERTAIN,CONTINUE_TESTING,0.5,"[0.000, 1.000]",0,1.0,HIGH
T0075,UNCERTAIN,CONTINUE_TESTING,0.5,"[0.000, 1.000]",0,1.0,HIGH
T0075_hi,UNCERTAIN,CONTINUE_TESTING,0.5,"[0.000, 1.000]",0,1.0,HIGH
T0076,UNCERTAIN,CONTINUE_TESTING,0.5,"[0.000, 1.000]",0,1.0,HIGH
T0076_hi,UNCERTAIN,CONTINUE_TESTING,0.5,"[0.000, 1.000]",0,1.0,HIGH
T0069,UNCERTAIN,CONTINUE_TESTING,0.5,"[0.000, 1.000]",0,1.0,HIGH
T0069_hi,UNCERTAIN,CONTINUE_TESTING,0.5,"[0.000, 1.000]",0,1.0,HIGH
T0070,UNCERTAIN,CONTINUE_TESTING,0.5,"[0.000, 1.000]",0,1.0,HIGH
T0070_hi,UNCERTAIN,CONTINUE_TESTING,0.5,"[0.000, 1.000]",0,1.0,HIGH
T0071,UNCERTAIN,CONTINUE_TESTING,0.5,"[0.000, 1.000]",0,1.0,HIGH
T0071_hi,UNCERTAIN,CONTINUE_TESTING,0.5,"[0.000, 1.000]",0,1.0,HIGH
T0072,UNCERTAIN,CONTINUE_TESTING,0.5,"[0.000, 1.000]",0,1.0,HIGH
T0072_hi,UNCERTAIN,CONTINUE_TESTING,0.5,"[0.000, 1.000]",0,1.0,HIGH
T0097,UNCERTAIN,CONTINUE_TESTING,0.5,"[0.000, 1.000]",0,1.0,HIGH
T0097_hi,UNCERTAIN,CONTINUE_TESTING,0.5,"[0.000, 1.000]",0,1.0,HIGH
T0098,UNCERTAIN,CONTINUE_TESTING,0.5,"[0.000, 1.000]",0,1.0,HIGH
T0098_hi,UNCERTAIN,CONTINUE_TESTING,0.5,"[0.000, 1.000]",0,1.0,HIGH
T0099,UNCERTAIN,CONTINUE_TESTING,0.5,"[0.000, 1.000]",0,1.0,HIGH
T0099_hi,UNCERTAIN,CONTINUE_TESTING,0.5,"[0.000, 1.000]",0,1.0,HIGH
T0100,UNCERTAIN,CONTINUE_TESTING,0.5,"[0.000, 1.000]",0,1.0,HIGH
T0100_hi,UNCERTAIN,CONTINUE_TESTING,0.5,"[0.000, 1.000]",0,1.0,HIGH
T0093,UNCERTAIN,CONTINUE_TESTING,0.5,"[0.000, 1.000]",0,1.0,HIGH
T0093_hi,UNCERTAIN,CONTINUE_TESTING,0.5,"[0.000, 1.000]",0,1.0,HIGH
T0094,UNCERTAIN,CONTINUE_TESTING,0.5,"[0.000, 1.000]",0,1.0,HIGH
T0094_hi,UNCERTAIN,CONTINUE_TESTING,0.5,"[0.000, 1.000]",0,1.0,HIGH
T0095,UNCERTAIN,CONTINUE_TESTING,0.5,"[0.000, 1.000]",0,1.0,HIGH
T0095_hi,UNCERTAIN,CONTINUE_TESTING,0.5,"[0.000, 1.000]",0,1.0,HIGH
T0096,UNCERTAIN,CONTINUE_TESTING,0.5,"[0.000, 1.000]",0,1.0,HIGH
T0096_hi,UNCERTAIN,CONTINUE_TESTING,0.5,"[0.000, 1.000]",0,1.0,HIGH
T0089,UNCERTAIN,CONTINUE_TESTING,0.5,"[0.000, 1.000]",0,1.0,HIGH
T0089_hi,UNCERTAIN,CONTINUE_TESTING,0.5,"[0.000, 1.000]",0,1.0,HIGH
T0090,UNCERTAIN,CONTINUE_TESTING,0.5,"[0.000, 1.000]",0,1.0,HIGH
T0090_hi,UNCERTAIN,CONTINUE_TESTING,0.5,"[0.000, 1.000]",0,1.0,HIGH
T0091,UNCERTAIN,CONTINUE_TESTING,0.5,"[0.000, 1.000]",0,1.0,HIGH
T0091_hi,UNCERTAIN,CONTINUE_TESTING,0.5,"[0.000, 1.000]",0,1.0,HIGH
T0092,UNCERTAIN,CONTINUE_TESTING,0.5,"[0.000, 1.000]",0,1.0,HIGH
T0092_hi,UNCERTAIN,CONTINUE_TESTING,0.5,"[0.000, 1.000]",0,1.0,HIGH
T0085,UNCERTAIN,CONTINUE_TESTING,0.5,"[0.000, 1.000]",0,1.0,HIGH
T0085_hi,UNCERTAIN,CONTINUE_TESTING,0.5,"[0.000, 1.000]",0,1.0,HIGH
T0086,UNCERTAIN,CONTINUE_TESTING,0.5,"[0.000, 1.000]",0,1.0,HIGH
T0086_hi,UNCERTAIN,CONTINUE_TESTING,0.5,"[0.000, 1.000]",0,1.0,HIGH
T0087,UNCERTAIN,CONTINUE_TESTING,0.5,"[0.000, 1.000]",0,1.0,HIGH
T0087_hi,UNCERTAIN,CONTINUE_TESTING,0.5,"[0.000, 1.000]",0,1.0,HIGH
T0088,UNCERTAIN,CONTINUE_TESTING,0.5,"[0.000, 1.000]",0,1.0,HIGH
T0088_hi,UNCERTAIN,CONTINUE_TESTING,0.5,"[0.000, 1.000]",0,1.0,HIGH
T0113,UNCERTAIN,CONTINUE_TESTING,0.5,"[0.000, 1.000]",0,1.0,HIGH
T0113_hi,UNCERTAIN,CONTINUE_TESTING,0.5,"[0.000, 1.000]",0,1.0,HIGH
T0114,UNCERTAIN,CONTINUE_TESTING,0.5,"[0.000, 1.000]",0,1.0,HIGH
T0114_hi,UNCERTAIN,CONTINUE_TESTING,0.5,"[0.000, 1.000]",0,1.0,HIGH
T0115,UNCERTAIN,CONTINUE_TESTING,0.5,"[0.000, 1.000]",0,1.0,HIGH
T0115_hi,UNCERTAIN,CONTINUE_TESTING,0.5,"[0.000, 1.000]",0,1.0,HIGH
T0116,UNCERTAIN,CONTINUE_TESTING,0.5,"[0.000, 1.000]",0,1.0,HIGH
T0116_hi,UNCERTAIN,CONTINUE_TESTING,0.5,"[0.000, 1.000]",0,1.0,HIGH
T0109,UNCERTAIN,CONTINUE_TESTING,0.5,"[0.000, 1.000]",0,1.0,HIGH
T0109_hi,UNCERTAIN,CONTINUE_TESTING,0.5,"[0.000, 1.000]",0,1.0,HIGH
T0110,UNCERTAIN,CONTINUE_TESTING,0.5,"[0.000, 1.000]",0,1.0,HIGH
T0110_hi,UNCERTAIN,CONTINUE_TESTING,0.5,"[0.000, 1.000]",0,1.0,HIGH
T0111,UNCERTAIN,CONTINUE_TESTING,0.5,"[0.000, 1.000]",0,1.0,HIGH
T0111_hi,UNCERTAIN,CONTINUE_TESTING,0.5,"[0.000, 1.000]",0,1.0,HIGH
T0112,UNCERTAIN,CONTINUE_TESTING,0.5,"[0.000, 1.000]",0,1.0,HIGH
T0112_hi,UNCERTAIN,CONTINUE_TESTING,0.5,"[0.000, 1.000]",0,1.0,HIGH
T0105,UNCERTAIN,CONTINUE_TESTING,0.5,"[0.000, 1.000]",0,1.0,HIGH
T0105_hi,UNCERTAIN,CONTINUE_TESTING,0.5,"[0.000, 1.000]",0,1.0,HIGH
T0106,UNCERTAIN,CONTINUE_TESTING,0.5,"[0.000, 1.000]",0,1.0,HIGH
T0106_hi,UNCERTAIN,CONTINUE_TESTING,0.5,"[0.000, 1.000]",0,1.0,HIGH
T0107,UNCERTAIN,CONTINUE_TESTING,0.5,"[0.000, 1.000]",0,1.0,HIGH
T0107_hi,UNCERTAIN,CONTINUE_TESTING,0.5,"[0.000, 1.000]",0,1.0,HIGH
T0108,UNCERTAIN,CONTINUE_TESTING,0.5,"[0.000, 1.000]",0,1.0,HIGH
T0108_hi,UNCERTAIN,CONTINUE_TESTING,0.5,"[0.000, 1.000]",0,1.0,HIGH
T0101,UNCERTAIN,CONTINUE_TESTING,0.5,"[0.000, 1.000]",0,1.0,HIGH
T0101_hi,UNCERTAIN,CONTINUE_TESTING,0.5,"[0.000, 1.000]",0,1.0,HIGH
T0102,UNCERTAIN,CONTINUE_TESTING,0.5,"[0.000, 1.000]",0,1.0,HIGH
T0102_hi,UNCERTAIN,CONTINUE_TESTING,0.5,"[0.000, 1.000]",0,1.0,HIGH
T0103,UNCERTAIN,CONTINUE_TESTING,0.5,"[0.000, 1.000]",0,1.0,HIGH
T0103_hi,UNCERTAIN,CONTINUE_TESTING,0.5,"[0.000, 1.000]",0,1.0,HIGH
T0104,UNCERTAIN,CONTINUE_TESTING,0.5,"[0.000, 1.000]",0,1.0,HIGH
T0104_hi,UNCERTAIN,CONTINUE_TESTING,0.5,"[0.000, 1.000]",0,1.0,HIGH
T0129,UNCERTAIN,CONTINUE_TESTING,0.5,"[0.000, 1.000]",0,1.0,HIGH
T0129_hi,UNCERTAIN,CONTINUE_TESTING,0.5,"[0.000, 1.000]",0,1.0,HIGH
T0130,UNCERTAIN,CONTINUE_TESTING,0.5,"[0.000, 1.000]",0,1.0,HIGH
T0130_hi,UNCERTAIN,CONTINUE_TESTING,0.5,"[0.000, 1.000]",0,1.0,HIGH
T0131,UNCERTAIN,CONTINUE_TESTING,0.5,"[0.000, 1.000]",0,1.0,HIGH
T0131_hi,UNCERTAIN,CONTINUE_TESTING,0.5,"[0.000, 1.000]",0,1.0,HIGH
T0132,UNCERTAIN,CONTINUE_TESTING,0.5,"[0.000, 1.000]",0,1.0,HIGH
T0132_hi,UNCERTAIN,CONTINUE_TESTING,0.5,"[0.000, 1.000]",0,1.0,HIGH
T0125,UNCERTAIN,CONTINUE_TESTING,0.5,"[0.000, 1.000]",0,1.0,HIGH
T0125_hi,UNCERTAIN,CONTINUE_TESTING,0.5,"[0.000, 1.000]",0,1.0,HIGH
T0126,UNCERTAIN,CONTINUE_TESTING,0.5,"[0.000, 1.000]",0,1.0,HIGH
T0126_hi,UNCERTAIN,CONTINUE_TESTING,0.5,"[0.000, 1.000]",0,1.0,HIGH
T0127,UNCERTAIN,CONTINUE_TESTING,0.5,"[0.000, 1.000]",0,1.0,HIGH
T0127_hi,UNCERTAIN,CONTINUE_TESTING,0.5,"[0.000, 1.000]",0,1.0,HIGH
T0128,UNCERTAIN,CONTINUE_TESTING,0.5,"[0.000, 1.000]",0,1.0,HIGH
T0128_hi,UNCERTAIN,CONTINUE_TESTING,0.5,"[0.000, 1.000]",0,1.0,HIGH
T0121,UNCERTAIN,CONTINUE_TESTING,0.5,"[0.000, 1.000]",0,1.0,HIGH
T0121_hi,UNCERTAIN,CONTINUE_TESTING,0.5,"[0.000, 1.000]",0,1.0,HIGH
T0122,UNCERTAIN,CONTINUE_TESTING,0.5,"[0.000, 1.000]",0,1.0,HIGH
T0122_hi,UNCERTAIN,CONTINUE_TESTING,0.5,"[0.000, 1.000]",0,1.0,HIGH
T0123,UNCERTAIN,CONTINUE_TESTING,0.5,"[0.000, 1.000]",0,1.0,HIGH
T0123_hi,UNCERTAIN,CONTINUE_TESTING,0.5,"[0.000, 1.000]",0,1.0,HIGH
T0124,UNCERTAIN,CONTINUE_TESTING,0.5,"[0.000, 1.000]",0,1.0,HIGH
T0124_hi,UNCERTAIN,CONTINUE_TESTING,0.5,"[0.000, 1.000]",0,1.0,HIGH
T0117,UNCERTAIN,CONTINUE_TESTING,0.5,"[0.000, 1.000]",0,1.0,HIGH
T0117_hi,UNCERTAIN,CONTINUE_TESTING,0.5,"[0.000, 1.000]",0,1.0,HIGH
T0118,UNCERTAIN,CONTINUE_TESTING,0.5,"[0.000, 1.000]",0,1.0,HIGH
T0118_hi,UNCERTAIN,CONTINUE_TESTING,0.5,"[0.000, 1.000]",0,1.0,HIGH
T0119,UNCERTAIN,CONTINUE_TESTING,0.5,"[0.000, 1.000]",0,1.0,HIGH
T0119_hi,UNCERTAIN,CONTINUE_TESTING,0.5,"[0.000, 1.000]",0,1.0,HIGH
T0120,UNCERTAIN,CONTINUE_TESTING,0.5,"[0.000, 1.000]",0,1.0,HIGH
T0120_hi,UNCERTAIN,CONTINUE_TESTING,0.5,"[0.000, 1.000]",0,1.0,HIGH
T0145,UNCERTAIN,CONTINUE_TESTING,0.5,"[0.000, 1.000]",0,1.0,HIGH
T0145_hi,UNCERTAIN,CONTINUE_TESTING,0.5,"[0.000, 1.000]",0,1.0,HIGH
T0146,UNCERTAIN,CONTINUE_TESTING,0.5,"[0.000, 1.000]",0,1.0,HIGH
T0146_hi,UNCERTAIN,CONTINUE_TESTING,0.5,"[0.000, 1.000]",0,1.0,HIGH
T0147,UNCERTAIN,CONTINUE_TESTING,0.5,"[0.000, 1.000]",0,1.0,HIGH
T0147_hi,UNCERTAIN,CONTINUE_TESTING,0.5,"[0.000, 1.000]",0,1.0,HIGH
T0148,UNCERTAIN,CONTINUE_TESTING,0.5,"[0.000, 1.000]",0,1.0,HIGH
T0148_hi,UNCERTAIN,CONTINUE_TESTING,0.5,"[0.000, 1.000]",0,1.0,HIGH
T0141,UNCERTAIN,CONTINUE_TESTING,0.5,"[0.000, 1.000]",0,1.0,HIGH
T0141_hi,UNCERTAIN,CONTINUE_TESTING,0.5,"[0.000, 1.000]",0,1.0,HIGH
T0142,UNCERTAIN,CONTINUE_TESTING,0.5,"[0.000, 1.000]",0,1.0,HIGH
T0142_hi,UNCERTAIN,CONTINUE_TESTING,0.5,"[0.000, 1.000]",0,1.0,HIGH
T0143,UNCERTAIN,CONTINUE_TESTING,0.5,"[0.000, 1.000]",0,1.0,HIGH
T0143_hi,UNCERTAIN,CONTINUE_TESTING,0.5,"[0.000, 1.000]",0,1.0,HIGH
T0144,UNCERTAIN,CONTINUE_TESTING,0.5,"[0.000, 1.000]",0,1.0,HIGH
T0144_hi,UNCERTAIN,CONTINUE_TESTING,0.5,"[0.000, 1.000]",0,1.0,HIGH
T0137,UNCERTAIN,CONTINUE_TESTING,0.5,"[0.000, 1.000]",0,1.0,HIGH
T0137_hi,UNCERTAIN,CONTINUE_TESTING,0.5,"[0.000, 1.000]",0,1.0,HIGH
T0138,UNCERTAIN,CONTINUE_TESTING,0.5,"[0.000, 1.000]",0,1.0,HIGH
T0138_hi,UNCERTAIN,CONTINUE_TESTING,0.5,"[0.000, 1.000]",0,1.0,HIGH
T0139,UNCERTAIN,CONTINUE_TESTING,0.5,"[0.000, 1.000]",0,1.0,HIGH
T0139_hi,UNCERTAIN,CONTINUE_TESTING,0.5,"[0.000, 1.000]",0,1.0,HIGH
T0140,UNCERTAIN,CONTINUE_TESTING,0.5,"[0.000, 1.000]",0,1.0,HIGH
T0140_hi,UNCERTAIN,CONTINUE_TESTING,0.5,"[0.000, 1.000]",0,1.0,HIGH
T0133,UNCERTAIN,CONTINUE_TESTING,0.5,"[0.000, 1.000]",0,1.0,HIGH
T0133_hi,UNCERTAIN,CONTINUE_TESTING,0.5,"[0.000, 1.000]",0,1.0,HIGH
T0134,UNCERTAIN,CONTINUE_TESTING,0.5,"[0.000, 1.000]",0,1.0,HIGH
T0134_hi,UNCERTAIN,CONTINUE_TESTING,0.5,"[0.000, 1.000]",0,1.0,HIGH
T0135,UNCERTAIN,CONTINUE_TESTING,0.5,"[0.000, 1.000]",0,1.0,HIGH
T0135_hi,UNCERTAIN,CONTINUE_TESTING,0.5,"[0.000, 1.000]",0,1.0,HIGH
T0136,UNCERTAIN,CONTINUE_TESTING,0.5,"[0.000, 1.000]",0,1.0,HIGH
T0136_hi,UNCERTAIN,CONTINUE_TESTING,0.5,"[0.000, 1.000]",0,1.0,HIGH
T0161,UNCERTAIN,CONTINUE_TESTING,0.5,"[0.000, 1.000]",0,1.0,HIGH
T0161_hi,UNCERTAIN,CONTINUE_TESTING,0.5,"[0.000, 1.000]",0,1.0,HIGH
T0162,UNCERTAIN,CONTINUE_TESTING,0.5,"[0.000, 1.000]",0,1.0,HIGH
T0162_hi,UNCERTAIN,CONTINUE_TESTING,0.5,"[0.000, 1.000]",0,1.0,HIGH
T0163,UNCERTAIN,CONTINUE_TESTING,0.5,"[0.000, 1.000]",0,1.0,HIGH
T0163_hi,UNCERTAIN,CONTINUE_TESTING,0.5,"[0.000, 1.000]",0,1.0,HIGH
T0164,UNCERTAIN,CONTINUE_TESTING,0.5,"[0.000, 1.000]",0,1.0,HIGH
T0164_hi,UNCERTAIN,CONTINUE_TESTING,0.5,"[0.000, 1.000]",0,1.0,HIGH
T0157,UNCERTAIN,CONTINUE_TESTING,0.5,"[0.000, 1.000]",0,1.0,HIGH
T0157_hi,UNCERTAIN,CONTINUE_TESTING,0.5,"[0.000, 1.000]",0,1.0,HIGH
T0158,UNCERTAIN,CONTINUE_TESTING,0.5,"[0.000, 1.000]",0,1.0,HIGH
T0158_hi,UNCERTAIN,CONTINUE_TESTING,0.5,"[0.000, 1.000]",0,1.0,HIGH
T0159,UNCERTAIN,CONTINUE_TESTING,0.5,"[0.000, 1.000]",0,1.0,HIGH
T0159_hi,UNCERTAIN,CONTINUE_TESTING,0.5,"[0.000, 1.000]",0,1.0,HIGH
T0160,UNCERTAIN,CONTINUE_TESTING,0.5,"[0.000, 1.000]",0,1.0,HIGH
T0160_hi,UNCERTAIN,CONTINUE_TESTING,0.5,"[0.000, 1.000]",0,1.0,HIGH
T0153,UNCERTAIN,CONTINUE_TESTING,0.5,"[0.000, 1.000]",0,1.0,HIGH
T0153_hi,UNCERTAIN,CONTINUE_TESTING,0.5,"[0.000, 1.000]",0,1.0,HIGH
T0154,UNCERTAIN,CONTINUE_TESTING,0.5,"[0.000, 1.000]",0,1.0,HIGH
T0154_hi,UNCERTAIN,CONTINUE_TESTING,0.5,"[0.000, 1.000]",0,1.0,HIGH
T0155,UNCERTAIN,CONTINUE_TESTING,0.5,"[0.000, 1.000]",0,1.0,HIGH
T0155_hi,UNCERTAIN,CONTINUE_TESTING,0.5,"[0.000, 1.000]",0,1.0,HIGH
T0156,UNCERTAIN,CONTINUE_TESTING,0.5,"[0.000, 1.000]",0,1.0,HIGH
T0156_hi,UNCERTAIN,CONTINUE_TESTING,0.5,"[0.000, 1.000]",0,1.0,HIGH
T0149,UNCERTAIN,CONTINUE_TESTING,0.5,"[0.000, 1.000]",0,1.0,HIGH
T0149_hi,UNCERTAIN,CONTINUE_TESTING,0.5,"[0.000, 1.000]",0,1.0,HIGH
T0150,UNCERTAIN,CONTINUE_TESTING,0.5,"[0.000, 1.000]",0,1.0,HIGH
T0150_hi,UNCERTAIN,CONTINUE_TESTING,0.5,"[0.000, 1.000]",0,1.0,HIGH
T0151,UNCERTAIN,CONTINUE_TESTING,0.5,"[0.000, 1.000]",0,1.0,HIGH
T0151_hi,UNCERTAIN,CONTINUE_TESTING,0.5,"[0.000, 1.000]",0,1.0,HIGH
T0152,UNCERTAIN,CONTINUE_TESTING,0.5,"[0.000, 1.000]",0,1.0,HIGH
T0152_hi,UNCERTAIN,CONTINUE_TESTING,0.5,"[0.000, 1.000]",0,1.0,HIGH
T0177,UNCERTAIN,CONTINUE_TESTING,0.5,"[0.000, 1.000]",0,1.0,HIGH
T0177_hi,UNCERTAIN,CONTINUE_TESTING,0.5,"[0.000, 1.000]",0,1.0,HIGH
T0178,UNCERTAIN,CONTINUE_TESTING,0.5,"[0.000, 1.000]",0,1.0,HIGH
T0178_hi,UNCERTAIN,CONTINUE_TESTING,0.5,"[0.000, 1.000]",0,1.0,HIGH
T0179,UNCERTAIN,CONTINUE_TESTING,0.5,"[0.000, 1.000]",0,1.0,HIGH
T0179_hi,UNCERTAIN,CONTINUE_TESTING,0.5,"[0.000, 1.000]",0,1.0,HIGH
T0180,UNCERTAIN,CONTINUE_TESTING,0.5,"[0.000, 1.000]",0,1.0,HIGH
T0180_hi,UNCERTAIN,CONTINUE_TESTING,0.5,"[0.000, 1.000]",0,1.0,HIGH
T0173,UNCERTAIN,CONTINUE_TESTING,0.5,"[0.000, 1.000]",0,1.0,HIGH
T0173_hi,UNCERTAIN,CONTINUE_TESTING,0.5,"[0.000, 1.000]",0,1.0,HIGH
T0174,UNCERTAIN,CONTINUE_TESTING,0.5,"[0.000, 1.000]",0,1.0,HIGH
T0174_hi,UNCERTAIN,CONTINUE_TESTING,0.5,"[0.000, 1.000]",0,1.0,HIGH
T0175,UNCERTAIN,CONTINUE_TESTING,0.5,"[0.000, 1.000]",0,1.0,HIGH
T0175_hi,UNCERTAIN,CONTINUE_TESTING,0.5,"[0.000, 1.000]",0,1.0,HIGH
T0176,UNCERTAIN,CONTINUE_TESTING,0.5,"[0.000, 1.000]",0,1.0,HIGH
T0176_hi,UNCERTAIN,CONTINUE_TESTING,0.5,"[0.000, 1.000]",0,1.0,HIGH
T0169,UNCERTAIN,CONTINUE_TESTING,0.5,"[0.000, 1.000]",0,1.0,HIGH
T0169_hi,UNCERTAIN,CONTINUE_TESTING,0.5,"[0.000, 1.000]",0,1.0,HIGH
T0170,UNCERTAIN,CONTINUE_TESTING,0.5,"[0.000, 1.000]",0,1.0,HIGH
T0170_hi,UNCERTAIN,CONTINUE_TESTING,0.5,"[0.000, 1.000]",0,1.0,HIGH
T0171,UNCERTAIN,CONTINUE_TESTING,0.5,"[0.000, 1.000]",0,1.0,HIGH
T0171_hi,UNCERTAIN,CONTINUE_TESTING,0.5,"[0.000, 1.000]",0,1.0,HIGH
T0172,UNCERTAIN,CONTINUE_TESTING,0.5,"[0.000, 1.000]",0,1.0,HIGH
T0172_hi,UNCERTAIN,CONTINUE_TESTING,0.5,"[0.000, 1.000]",0,1.0,HIGH
T0165,UNCERTAIN,CONTINUE_TESTING,0.5,"[0.000, 1.000]",0,1.0,HIGH
T0165_hi,UNCERTAIN,CONTINUE_TESTING,0.5,"[0.000, 1.000]",0,1.0,HIGH
T0166,UNCERTAIN,CONTINUE_TESTING,0.5,"[0.000, 1.000]",0,1.0,HIGH
T0166_hi,UNCERTAIN,CONTINUE_TESTING,0.5,"[0.000, 1.000]",0,1.0,HIGH
T0167,UNCERTAIN,CONTINUE_TESTING,0.5,"[0.000, 1.000]",0,1.0,HIGH
T0167_hi,UNCERTAIN,CONTINUE_TESTING,0.5,"[0.000, 1.000]",0,1.0,HIGH
T0168,UNCERTAIN,CONTINUE_TESTING,0.5,"[0.000, 1.000]",0,1.0,HIGH
T0168_hi,UNCERTAIN,CONTINUE_TESTING,0.5,"[0.000, 1.000]",0,1.0,HIGH
T0193,UNCERTAIN,CONTINUE_TESTING,0.5,"[0.000, 1.000]",0,1.0,HIGH
T0193_hi,UNCERTAIN,CONTINUE_TESTING,0.5,"[0.000, 1.000]",0,1.0,HIGH
T0194,UNCERTAIN,CONTINUE_TESTING,0.5,"[0.000, 1.000]",0,1.0,HIGH
T0194_hi,UNCERTAIN,CONTINUE_TESTING,0.5,"[0.000, 1.000]",0,1.0,HIGH
T0195,UNCERTAIN,CONTINUE_TESTING,0.5,"[0.000, 1.000]",0,1.0,HIGH
T0195_hi,UNCERTAIN,CONTINUE_TESTING,0.5,"[0.000, 1.000]",0,1.0,HIGH
T0196,UNCERTAIN,CONTINUE_TESTING,0.5,"[0.000, 1.000]",0,1.0,HIGH
T0196_hi,UNCERTAIN,CONTINUE_TESTING,0.5,"[0.000, 1.000]",0,1.0,HIGH
T0189,UNCERTAIN,CONTINUE_TESTING,0.5,"[0.000, 1.000]",0,1.0,HIGH
T0189_hi,UNCERTAIN,CONTINUE_TESTING,0.5,"[0.000, 1.000]",0,1.0,HIGH
T0190,UNCERTAIN,CONTINUE_TESTING,0.5,"[0.000, 1.000]",0,1.0,HIGH
T0190_hi,UNCERTAIN,CONTINUE_TESTING,0.5,"[0.000, 1.000]",0,1.0,HIGH
T0191,UNCERTAIN,CONTINUE_TESTING,0.5,"[0.000, 1.000]",0,1.0,HIGH
T0191_hi,UNCERTAIN,CONTINUE_TESTING,0.5,"[0.000, 1.000]",0,1.0,HIGH
T0192,UNCERTAIN,CONTINUE_TESTING,0.5,"[0.000, 1.000]",0,1.0,HIGH
T0192_hi,UNCERTAIN,CONTINUE_TESTING,0.5,"[0.000, 1.000]",0,1.0,HIGH
T0185,UNCERTAIN,CONTINUE_TESTING,0.5,"[0.000, 1.000]",0,1.0,HIGH
T0185_hi,UNCERTAIN,CONTINUE_TESTING,0.5,"[0.000, 1.000]",0,1.0,HIGH
T0186,UNCERTAIN,CONTINUE_TESTING,0.5,"[0.000, 1.000]",0,1.0,HIGH
T0186_hi,UNCERTAIN,CONTINUE_TESTING,0.5,"[0.000, 1.000]",0,1.0,HIGH
T0187,UNCERTAIN,CONTINUE_TESTING,0.5,"[0.000, 1.000]",0,1.0,HIGH
T0187_hi,UNCERTAIN,CONTINUE_TESTING,0.5,"[0.000, 1.000]",0,1.0,HIGH
T0188,UNCERTAIN,CONTINUE_TESTING,0.5,"[0.000, 1.000]",0,1.0,HIGH
T0188_hi,UNCERTAIN,CONTINUE_TESTING,0.5,"[0.000, 1.000]",0,1.0,HIGH
T0181,UNCERTAIN,CONTINUE_TESTING,0.5,"[0.000, 1.000]",0,1.0,HIGH
T0181_hi,UNCERTAIN,CONTINUE_TESTING,0.5,"[0.000, 1.000]",0,1.0,HIGH
T0182,UNCERTAIN,CONTINUE_TESTING,0.5,"[0.000, 1.000]",0,1.0,HIGH
T0182_hi,UNCERTAIN,CONTINUE_TESTING,0.5,"[0.000, 1.000]",0,1.0,HIGH
T0183,UNCERTAIN,CONTINUE_TESTING,0.5,"[0.000, 1.000]",0,1.0,HIGH
T0183_hi,UNCERTAIN,CONTINUE_TESTING,0.5,"[0.000, 1.000]",0,1.0,HIGH
T0184,UNCERTAIN,CONTINUE_TESTING,0.5,"[0.000, 1.000]",0,1.0,HIGH
T0184_hi,UNCERTAIN,CONTINUE_TESTING,0.5,"[0.000, 1.000]",0,1.0,HIGH
T0209,UNCERTAIN,CONTINUE_TESTING,0.5,"[0.000, 1.000]",0,1.0,HIGH
T0209_hi,UNCERTAIN,CONTINUE_TESTING,0.5,"[0.000, 1.000]",0,1.0,HIGH
T0210,UNCERTAIN,CONTINUE_TESTING,0.5,"[0.000, 1.000]",0,1.0,HIGH
T0210_hi,UNCERTAIN,CONTINUE_TESTING,0.5,"[0.000, 1.000]",0,1.0,HIGH
T0211,UNCERTAIN,CONTINUE_TESTING,0.5,"[0.000, 1.000]",0,1.0,HIGH
T0211_hi,UNCERTAIN,CONTINUE_TESTING,0.5,"[0.000, 1.000]",0,1.0,HIGH
T0212,UNCERTAIN,CONTINUE_TESTING,0.5,"[0.000, 1.000]",0,1.0,HIGH
T0212_hi,UNCERTAIN,CONTINUE_TESTING,0.5,"[0.000, 1.000]",0,1.0,HIGH
T0205,UNCERTAIN,CONTINUE_TESTING,0.5,"[0.000, 1.000]",0,1.0,HIGH
T0205_hi,UNCERTAIN,CONTINUE_TESTING,0.5,"[0.000, 1.000]",0,1.0,HIGH
T0206,UNCERTAIN,CONTINUE_TESTING,0.5,"[0.000, 1.000]",0,1.0,HIGH
T0206_hi,UNCERTAIN,CONTINUE_TESTING,0.5,"[0.000, 1.000]",0,1.0,HIGH
T0207,UNCERTAIN,CONTINUE_TESTING,0.5,"[0.000, 1.000]",0,1.0,HIGH
T0207_hi,UNCERTAIN,CONTINUE_TESTING,0.5,"[0.000, 1.000]",0,1.0,HIGH
T0208,UNCERTAIN,CONTINUE_TESTING,0.5,"[0.000, 1.000]",0,1.0,HIGH
T0208_hi,UNCERTAIN,CONTINUE_TESTING,0.5,"[0.000, 1.000]",0,1.0,HIGH
T0201,UNCERTAIN,CONTINUE_TESTING,0.5,"[0.000, 1.000]",0,1.0,HIGH
T0201_hi,UNCERTAIN,CONTINUE_TESTING,0.5,"[0.000, 1.000]",0,1.0,HIGH
T0202,UNCERTAIN,CONTINUE_TESTING,0.5,"[0.000, 1.000]",0,1.0,HIGH
T0202_hi,UNCERTAIN,CONTINUE_TESTING,0.5,"[0.000, 1.000]",0,1.0,HIGH
T0203,UNCERTAIN,CONTINUE_TESTING,0.5,"[0.000, 1.000]",0,1.0,HIGH
T0203_hi,UNCERTAIN,CONTINUE_TESTING,0.5,"[0.000, 1.000]",0,1.0,HIGH
T0204,UNCERTAIN,CONTINUE_TESTING,0.5,"[0.000, 1.000]",0,1.0,HIGH
T0204_hi,UNCERTAIN,CONTINUE_TESTING,0.5,"[0.000, 1.000]",0,1.0,HIGH
T0197,UNCERTAIN,CONTINUE_TESTING,0.5,"[0.000, 1.000]",0,1.0,HIGH
T0197_hi,UNCERTAIN,CONTINUE_TESTING,0.5,"[0.000, 1.000]",0,1.0,HIGH
T0198,UNCERTAIN,CONTINUE_TESTING,0.5,"[0.000, 1.000]",0,1.0,HIGH
T0198_hi,UNCERTAIN,CONTINUE_TESTING,0.5,"[0.000, 1.000]",0,1.0,HIGH
T0199,UNCERTAIN,CONTINUE_TESTING,0.5,"[0.000, 1.000]",0,1.0,HIGH
T0199_hi,UNCERTAIN,CONTINUE_TESTING,0.5,"[0.000, 1.000]",0,1.0,HIGH
T0200,UNCERTAIN,CONTINUE_TESTING,0.5,"[0.000, 1.000]",0,1.0,HIGH
T0200_hi,UNCERTAIN,CONTINUE_TESTING,0.5,"[0.000, 1.000]",0,1.0,HIGH
T0225,UNCERTAIN,CONTINUE_TESTING,0.5,"[0.000, 1.000]",0,1.0,HIGH
T0225_hi,UNCERTAIN,CONTINUE_TESTING,0.5,"[0.000, 1.000]",0,1.0,HIGH
T0226,UNCERTAIN,CONTINUE_TESTING,0.5,"[0.000, 1.000]",0,1.0,HIGH
T0226_hi,UNCERTAIN,CONTINUE_TESTING,0.5,"[0.000, 1.000]",0,1.0,HIGH
T0227,UNCERTAIN,CONTINUE_TESTING,0.5,"[0.000, 1.000]",0,1.0,HIGH
T0227_hi,UNCERTAIN,CONTINUE_TESTING,0.5,"[0.000, 1.000]",0,1.0,HIGH
T0228,UNCERTAIN,CONTINUE_TESTING,0.5,"[0.000, 1.000]",0,1.0,HIGH
T0228_hi,UNCERTAIN,CONTINUE_TESTING,0.5,"[0.000, 1.000]",0,1.0,HIGH
T0221,UNCERTAIN,CONTINUE_TESTING,0.5,"[0.000, 1.000]",0,1.0,HIGH
T0221_hi,UNCERTAIN,CONTINUE_TESTING,0.5,"[0.000, 1.000]",0,1.0,HIGH
T0222,UNCERTAIN,CONTINUE_TESTING,0.5,"[0.000, 1.000]",0,1.0,HIGH
T0222_hi,UNCERTAIN,CONTINUE_TESTING,0.5,"[0.000, 1.000]",0,1.0,HIGH
T0223,UNCERTAIN,CONTINUE_TESTING,0.5,"[0.000, 1.000]",0,1.0,HIGH
T0223_hi,UNCERTAIN,CONTINUE_TESTING,0.5,"[0.000, 1.000]",0,1.0,HIGH
T0224,UNCERTAIN,CONTINUE_TESTING,0.5,"[0.000, 1.000]",0,1.0,HIGH
T0224_hi,UNCERTAIN,CONTINUE_TESTING,0.5,"[0.000, 1.000]",0,1.0,HIGH
T0217,UNCERTAIN,CONTINUE_TESTING,0.5,"[0.000, 1.000]",0,1.0,HIGH
T0217_hi,UNCERTAIN,CONTINUE_TESTING,0.5,"[0.000, 1.000]",0,1.0,HIGH
T0218,UNCERTAIN,CONTINUE_TESTING,0.5,"[0.000, 1.000]",0,1.0,HIGH
T0218_hi,UNCERTAIN,CONTINUE_TESTING,0.5,"[0.000, 1.000]",0,1.0,HIGH
T0219,UNCERTAIN,CONTINUE_TESTING,0.5,"[0.000, 1.000]",0,1.0,HIGH
T0219_hi,UNCERTAIN,CONTINUE_TESTING,0.5,"[0.000, 1.000]",0,1.0,HIGH
T0220,UNCERTAIN,CONTINUE_TESTING,0.5,"[0.000, 1.000]",0,1.0,HIGH
T0220_hi,UNCERTAIN,CONTINUE_TESTING,0.5,"[0.000, 1.000]",0,1.0,HIGH
T0213,UNCERTAIN,CONTINUE_TESTING,0.5,"[0.000, 1.000]",0,1.0,HIGH
T0213_hi,UNCERTAIN,CONTINUE_TESTING,0.5,"[0.000, 1.000]",0,1.0,HIGH
T0214,UNCERTAIN,CONTINUE_TESTING,0.5,"[0.000, 1.000]",0,1.0,HIGH
T0214_hi,UNCERTAIN,CONTINUE_TESTING,0.5,"[0.000, 1.000]",0,1.0,HIGH
T0215,UNCERTAIN,CONTINUE_TESTING,0.5,"[0.000, 1.000]",0,1.0,HIGH
T0215_hi,UNCERTAIN,CONTINUE_TESTING,0.5,"[0.000, 1.000]",0,1.0,HIGH
T0216,UNCERTAIN,CONTINUE_TESTING,0.5,"[0.000, 1.000]",0,1.0,HIGH
T0216_hi,UNCERTAIN,CONTINUE_TESTING,0.5,"[0.000, 1.000]",0,1.0,HIGH
T0241,UNCERTAIN,CONTINUE_TESTING,0.5,"[0.000, 1.000]",0,1.0,HIGH
T0241_hi,UNCERTAIN,CONTINUE_TESTING,0.5,"[0.000, 1.000]",0,1.0,HIGH
T0242,UNCERTAIN,CONTINUE_TESTING,0.5,"[0.000, 1.000]",0,1.0,HIGH
T0242_hi,UNCERTAIN,CONTINUE_TESTING,0.5,"[0.000, 1.000]",0,1.0,HIGH
T0243,UNCERTAIN,CONTINUE_TESTING,0.5,"[0.000, 1.000]",0,1.0,HIGH
T0243_hi,UNCERTAIN,CONTINUE_TESTING,0.5,"[0.000, 1.000]",0,1.0,HIGH
T0244,UNCERTAIN,CONTINUE_TESTING,0.5,"[0.000, 1.000]",0,1.0,HIGH
T0244_hi,UNCERTAIN,CONTINUE_TESTING,0.5,"[0.000, 1.000]",0,1.0,HIGH
T0237,UNCERTAIN,CONTINUE_TESTING,0.5,"[0.000, 1.000]",0,1.0,HIGH
T0237_hi,UNCERTAIN,CONTINUE_TESTING,0.5,"[0.000, 1.000]",0,1.0,HIGH
T0238,UNCERTAIN,CONTINUE_TESTING,0.5,"[0.000, 1.000]",0,1.0,HIGH
T0238_hi,UNCERTAIN,CONTINUE_TESTING,0.5,"[0.000, 1.000]",0,1.0,HIGH
T0239,UNCERTAIN,CONTINUE_TESTING,0.5,"[0.000, 1.000]",0,1.0,HIGH
T0239_hi,UNCERTAIN,CONTINUE_TESTING,0.5,"[0.000, 1.000]",0,1.0,HIGH
T0240,UNCERTAIN,CONTINUE_TESTING,0.5,"[0.000, 1.000]",0,1.0,HIGH
T0240_hi,UNCERTAIN,CONTINUE_TESTING,0.5,"[0.000, 1.000]",0,1.0,HIGH
T0233,UNCERTAIN,CONTINUE_TESTING,0.5,"[0.000, 1.000]",0,1.0,HIGH
T0233_hi,UNCERTAIN,CONTINUE_TESTING,0.5,"[0.000, 1.000]",0,1.0,HIGH
T0234,UNCERTAIN,CONTINUE_TESTING,0.5,"[0.000, 1.000]",0,1.0,HIGH
T0234_hi,UNCERTAIN,CONTINUE_TESTING,0.5,"[0.000, 1.000]",0,1.0,HIGH
T0235,UNCERTAIN,CONTINUE_TESTING,0.5,"[0.000, 1.000]",0,1.0,HIGH
T0235_hi,UNCERTAIN,CONTINUE_TESTING,0.5,"[0.000, 1.000]",0,1.0,HIGH
T0236,UNCERTAIN,CONTINUE_TESTING,0.5,"[0.000, 1.000]",0,1.0,HIGH
T0236_hi,UNCERTAIN,CONTINUE_TESTING,0.5,"[0.000, 1.000]",0,1.0,HIGH
T0229,UNCERTAIN,CONTINUE_TESTING,0.5,"[0.000, 1.000]",0,1.0,HIGH
T0229_hi,UNCERTAIN,CONTINUE_TESTING,0.5,"[0.000, 1.000]",0,1.0,HIGH
T0230,UNCERTAIN,CONTINUE_TESTING,0.5,"[0.000, 1.000]",0,1.0,HIGH
T0230_hi,UNCERTAIN,CONTINUE_TESTING,0.5,"[0.000, 1.000]",0,1.0,HIGH
T0231,UNCERTAIN,CONTINUE_TESTING,0.5,"[0.000, 1.000]",0,1.0,HIGH
T0231_hi,UNCERTAIN,CONTINUE_TESTING,0.5,"[0.000, 1.000]",0,1.0,HIGH
T0232,UNCERTAIN,CONTINUE_TESTING,0.5,"[0.000, 1.000]",0,1.0,HIGH
T0232_hi,UNCERTAIN,CONTINUE_TESTING,0.5,"[0.000, 1.000]",0,1.0,HIGH
T0257,UNCERTAIN,CONTINUE_TESTING,0.5,"[0.000, 1.000]",0,1.0,HIGH
T0257_hi,UNCERTAIN,CONTINUE_TESTING,0.5,"[0.000, 1.000]",0,1.0,HIGH
T0258,UNCERTAIN,CONTINUE_TESTING,0.5,"[0.000, 1.000]",0,1.0,HIGH
T0258_hi,UNCERTAIN,CONTINUE_TESTING,0.5,"[0.000, 1.000]",0,1.0,HIGH
T0259,UNCERTAIN,CONTINUE_TESTING,0.5,"[0.000, 1.000]",0,1.0,HIGH
T0259_hi,UNCERTAIN,CONTINUE_TESTING,0.5,"[0.000, 1.000]",0,1.0,HIGH
T0260,UNCERTAIN,CONTINUE_TESTING,0.5,"[0.000, 1.000]",0,1.0,HIGH
T0260_hi,UNCERTAIN,CONTINUE_TESTING,0.5,"[0.000, 1.000]",0,1.0,HIGH
T0253,UNCERTAIN,CONTINUE_TESTING,0.5,"[0.000, 1.000]",0,1.0,HIGH
T0253_hi,UNCERTAIN,CONTINUE_TESTING,0.5,"[0.000, 1.000]",0,1.0,HIGH
T0254,UNCERTAIN,CONTINUE_TESTING,0.5,"[0.000, 1.000]",0,1.0,HIGH
T0254_hi,UNCERTAIN,CONTINUE_TESTING,0.5,"[0.000, 1.000]",0,1.0,HIGH
T0255,UNCERTAIN,CONTINUE_TESTING,0.5,"[0.000, 1.000]",0,1.0,HIGH
T0255_hi,UNCERTAIN,CONTINUE_TESTING,0.5,"[0.000, 1.000]",0,1.0,HIGH
T0256,UNCERTAIN,CONTINUE_TESTING,0.5,"[0.000, 1.000]",0,1.0,HIGH
T0256_hi,UNCERTAIN,CONTINUE_TESTING,0.5,"[0.000, 1.000]",0,1.0,HIGH
T0249,UNCERTAIN,CONTINUE_TESTING,0.5,"[0.000, 1.000]",0,1.0,HIGH
T0249_hi,UNCERTAIN,CONTINUE_TESTING,0.5,"[0.000, 1.000]",0,1.0,HIGH
T0250,UNCERTAIN,CONTINUE_TESTING,0.5,"[0.000, 1.000]",0,1.0,HIGH
T0250_hi,UNCERTAIN,CONTINUE_TESTING,0.5,"[0.000, 1.000]",0,1.0,HIGH
T0251,UNCERTAIN,CONTINUE_TESTING,0.5,"[0.000, 1.000]",0,1.0,HIGH
T0251_hi,UNCERTAIN,CONTINUE_TESTING,0.5,"[0.000, 1.000]",0,1.0,HIGH
T0252,UNCERTAIN,CONTINUE_TESTING,0.5,"[0.000, 1.000]",0,1.0,HIGH
T0252_hi,UNCERTAIN,CONTINUE_TESTING,0.5,"[0.000, 1.000]",0,1.0,HIGH
T0245,UNCERTAIN,CONTINUE_TESTING,0.5,"[0.000, 1.000]",0,1.0,HIGH
T0245_hi,UNCERTAIN,CONTINUE_TESTING,0.5,"[0.000, 1.000]",0,1.0,HIGH
T0246,UNCERTAIN,CONTINUE_TESTING,0.5,"[0.000, 1.000]",0,1.0,HIGH
T0246_hi,UNCERTAIN,CONTINUE_TESTING,0.5,"[0.000, 1.000]",0,1.0,HIGH
T0247,UNCERTAIN,CONTINUE_TESTING,0.5,"[0.000, 1.000]",0,1.0,HIGH
T0247_hi,UNCERTAIN,CONTINUE_TESTING,0.5,"[0.000, 1.000]",0,1.0,HIGH
T0248,UNCERTAIN,CONTINUE_TESTING,0.5,"[0.000, 1.000]",0,1.0,HIGH
T0248_hi,UNCERTAIN,CONTINUE_TESTING,0.5,"[0.000, 1.000]",0,1.0,HIGH
T0273,UNCERTAIN,CONTINUE_TESTING,0.5,"[0.000, 1.000]",0,1.0,HIGH
T0273_hi,UNCERTAIN,CONTINUE_TESTING,0.5,"[0.000, 1.000]",0,1.0,HIGH
T0274,UNCERTAIN,CONTINUE_TESTING,0.5,"[0.000, 1.000]",0,1.0,HIGH
T0274_hi,UNCERTAIN,CONTINUE_TESTING,0.5,"[0.000, 1.000]",0,1.0,HIGH
T0275,UNCERTAIN,CONTINUE_TESTING,0.5,"[0.000, 1.000]",0,1.0,HIGH
T0275_hi,UNCERTAIN,CONTINUE_TESTING,0.5,"[0.000, 1.000]",0,1.0,HIGH
T0276,UNCERTAIN,CONTINUE_TESTING,0.5,"[0.000, 1.000]",0,1.0,HIGH
T0276_hi,UNCERTAIN,CONTINUE_TESTING,0.5,"[0.000, 1.000]",0,1.0,HIGH
T0269,UNCERTAIN,CONTINUE_TESTING,0.5,"[0.000, 1.000]",0,1.0,HIGH
T0269_hi,UNCERTAIN,CONTINUE_TESTING,0.5,"[0.000, 1.000]",0,1.0,HIGH
T0270,UNCERTAIN,CONTINUE_TESTING,0.5,"[0.000, 1.000]",0,1.0,HIGH
T0270_hi,UNCERTAIN,CONTINUE_TESTING,0.5,"[0.000, 1.000]",0,1.0,HIGH
T0271,UNCERTAIN,CONTINUE_TESTING,0.5,"[0.000, 1.000]",0,1.0,HIGH
T0271_hi,UNCERTAIN,CONTINUE_TESTING,0.5,"[0.000, 1.000]",0,1.0,HIGH
T0272,UNCERTAIN,CONTINUE_TESTING,0.5,"[0.000, 1.000]",0,1.0,HIGH
T0272_hi,UNCERTAIN,CONTINUE_TESTING,0.5,"[0.000, 1.000]",0,1.0,HIGH
T0265,UNCERTAIN,CONTINUE_TESTING,0.5,"[0.000, 1.000]",0,1.0,HIGH
T0265_hi,UNCERTAIN,CONTINUE_TESTING,0.5,"[0.000, 1.000]",0,1.0,HIGH
T0266,UNCERTAIN,CONTINUE_TESTING,0.5,"[0.000, 1.000]",0,1.0,HIGH
T0266_hi,UNCERTAIN,CONTINUE_TESTING,0.5,"[0.000, 1.000]",0,1.0,HIGH
T0267,UNCERTAIN,CONTINUE_TESTING,0.5,"[0.000, 1.000]",0,1.0,HIGH
T0267_hi,UNCERTAIN,CONTINUE_TESTING,0.5,"[0.000, 1.000]",0,1.0,HIGH
T0268,UNCERTAIN,CONTINUE_TESTING,0.5,"[0.000, 1.000]",0,1.0,HIGH
T0268_hi,UNCERTAIN,CONTINUE_TESTING,0.5,"[0.000, 1.000]",0,1.0,HIGH
T0261,UNCERTAIN,CONTINUE_TESTING,0.5,"[0.000, 1.000]",0,1.0,HIGH
T0261_hi,UNCERTAIN,CONTINUE_TESTING,0.5,"[0.000, 1.000]",0,1.0,HIGH
T0262,UNCERTAIN,CONTINUE_TESTING,0.5,"[0.000, 1.000]",0,1.0,HIGH
T0262_hi,UNCERTAIN,CONTINUE_TESTING,0.5,"[0.000, 1.000]",0,1.0,HIGH
T0263,UNCERTAIN,CONTINUE_TESTING,0.5,"[0.000, 1.000]",0,1.0,HIGH
T0263_hi,UNCERTAIN,CONTINUE_TESTING,0.5,"[0.000, 1.000]",0,1.0,HIGH
T0264,UNCERTAIN,CONTINUE_TESTING,0.5,"[0.000, 1.000]",0,1.0,HIGH
T0264_hi,UNCERTAIN,CONTINUE_TESTING,0.5,"[0.000, 1.000]",0,1.0,HIGH
T0289,UNCERTAIN,CONTINUE_TESTING,0.5,"[0.000, 1.000]",0,1.0,HIGH
T0289_hi,UNCERTAIN,CONTINUE_TESTING,0.5,"[0.000, 1.000]",0,1.0,HIGH
T0290,UNCERTAIN,CONTINUE_TESTING,0.5,"[0.000, 1.000]",0,1.0,HIGH
T0290_hi,UNCERTAIN,CONTINUE_TESTING,0.5,"[0.000, 1.000]",0,1.0,HIGH
T0291,UNCERTAIN,CONTINUE_TESTING,0.5,"[0.000, 1.000]",0,1.0,HIGH
T0291_hi,UNCERTAIN,CONTINUE_TESTING,0.5,"[0.000, 1.000]",0,1.0,HIGH
T0292,UNCERTAIN,CONTINUE_TESTING,0.5,"[0.000, 1.000]",0,1.0,HIGH
T0292_hi,UNCERTAIN,CONTINUE_TESTING,0.5,"[0.000, 1.000]",0,1.0,HIGH
T0285,UNCERTAIN,CONTINUE_TESTING,0.5,"[0.000, 1.000]",0,1.0,HIGH
T0285_hi,UNCERTAIN,CONTINUE_TESTING,0.5,"[0.000, 1.000]",0,1.0,HIGH
T0286,UNCERTAIN,CONTINUE_TESTING,0.5,"[0.000, 1.000]",0,1.0,HIGH
T0286_hi,UNCERTAIN,CONTINUE_TESTING,0.5,"[0.000, 1.000]",0,1.0,HIGH
T0287,UNCERTAIN,CONTINUE_TESTING,0.5,"[0.000, 1.000]",0,1.0,HIGH
T0287_hi,UNCERTAIN,CONTINUE_TESTING,0.5,"[0.000, 1.000]",0,1.0,HIGH
T0288,UNCERTAIN,CONTINUE_TESTING,0.5,"[0.000, 1.000]",0,1.0,HIGH
T0288_hi,UNCERTAIN,CONTINUE_TESTING,0.5,"[0.000, 1.000]",0,1.0,HIGH
T0281,UNCERTAIN,CONTINUE_TESTING,0.5,"[0.000, 1.000]",0,1.0,HIGH
T0281_hi,UNCERTAIN,CONTINUE_TESTING,0.5,"[0.000, 1.000]",0,1.0,HIGH
T0282,UNCERTAIN,CONTINUE_TESTING,0.5,"[0.000, 1.000]",0,1.0,HIGH
T0282_hi,UNCERTAIN,CONTINUE_TESTING,0.5,"[0.000, 1.000]",0,1.0,HIGH
T0283,UNCERTAIN,CONTINUE_TESTING,0.5,"[0.000, 1.000]",0,1.0,HIGH
T0283_hi,UNCERTAIN,CONTINUE_TESTING,0.5,"[0.000, 1.000]",0,1.0,HIGH
T0284,UNCERTAIN,CONTINUE_TESTING,0.5,"[0.000, 1.000]",0,1.0,HIGH
T0284_hi,UNCERTAIN,CONTINUE_TESTING,0.5,"[0.000, 1.000]",0,1.0,HIGH
T0277,UNCERTAIN,CONTINUE_TESTING,0.5,"[0.000, 1.000]",0,1.0,HIGH
T0277_hi,UNCERTAIN,CONTINUE_TESTING,0.5,"[0.000, 1.000]",0,1.0,HIGH
T0278,UNCERTAIN,CONTINUE_TESTING,0.5,"[0.000, 1.000]",0,1.0,HIGH
T0278_hi,UNCERTAIN,CONTINUE_TESTING,0.5,"[0.000, 1.000]",0,1.0,HIGH
T0279,UNCERTAIN,CONTINUE_TESTING,0.5,"[0.000, 1.000]",0,1.0,HIGH
T0279_hi,UNCERTAIN,CONTINUE_TESTING,0.5,"[0.000, 1.000]",0,1.0,HIGH
T0280,UNCERTAIN,CONTINUE_TESTING,0.5,"[0.000, 1.000]",0,1.0,HIGH
T0280_hi,UNCERTAIN,CONTINUE_TESTING,0.5,"[0.000, 1.000]",0,1.0,HIGH
T0305,UNCERTAIN,CONTINUE_TESTING,0.5,"[0.000, 1.000]",0,1.0,HIGH
T0305_hi,UNCERTAIN,CONTINUE_TESTING,0.5,"[0.000, 1.000]",0,1.0,HIGH
T0306,UNCERTAIN,CONTINUE_TESTING,0.5,"[0.000, 1.000]",0,1.0,HIGH
T0306_hi,UNCERTAIN,CONTINUE_TESTING,0.5,"[0.000, 1.000]",0,1.0,HIGH
T0307,UNCERTAIN,CONTINUE_TESTING,0.5,"[0.000, 1.000]",0,1.0,HIGH
T0307_hi,UNCERTAIN,CONTINUE_TESTING,0.5,"[0.000, 1.000]",0,1.0,HIGH
T0308,UNCERTAIN,CONTINUE_TESTING,0.5,"[0.000, 1.000]",0,1.0,HIGH
T0308_hi,UNCERTAIN,CONTINUE_TESTING,0.5,"[0.000, 1.000]",0,1.0,HIGH
T0301,UNCERTAIN,CONTINUE_TESTING,0.5,"[0.000, 1.000]",0,1.0,HIGH
T0301_hi,UNCERTAIN,CONTINUE_TESTING,0.5,"[0.000, 1.000]",0,1.0,HIGH
T0302,UNCERTAIN,CONTINUE_TESTING,0.5,"[0.000, 1.000]",0,1.0,HIGH
T0302_hi,UNCERTAIN,CONTINUE_TESTING,0.5,"[0.000, 1.000]",0,1.0,HIGH
T0303,UNCERTAIN,CONTINUE_TESTING,0.5,"[0.000, 1.000]",0,1.0,HIGH
T0303_hi,UNCERTAIN,CONTINUE_TESTING,0.5,"[0.000, 1.000]",0,1.0,HIGH
T0304,UNCERTAIN,CONTINUE_TESTING,0.5,"[0.000, 1.000]",0,1.0,HIGH
T0304_hi,UNCERTAIN,CONTINUE_TESTING,0.5,"[0.000, 1.000]",0,1.0,HIGH
T0297,UNCERTAIN,CONTINUE_TESTING,0.5,"[0.000, 1.000]",0,1.0,HIGH
T0297_hi,UNCERTAIN,CONTINUE_TESTING,0.5,"[0.000, 1.000]",0,1.0,HIGH
T0298,UNCERTAIN,CONTINUE_TESTING,0.5,"[0.000, 1.000]",0,1.0,HIGH
T0298_hi,UNCERTAIN,CONTINUE_TESTING,0.5,"[0.000, 1.000]",0,1.0,HIGH
T0299,UNCERTAIN,CONTINUE_TESTING,0.5,"[0.000, 1.000]",0,1.0,HIGH
T0299_hi,UNCERTAIN,CONTINUE_TESTING,0.5,"[0.000, 1.000]",0,1.0,HIGH
T0300,UNCERTAIN,CONTINUE_TESTING,0.5,"[0.000, 1.000]",0,1.0,HIGH
T0300_hi,UNCERTAIN,CONTINUE_TESTING,0.5,"[0.000, 1.000]",0,1.0,HIGH
T0293,UNCERTAIN,CONTINUE_TESTING,0.5,"[0.000, 1.000]",0,1.0,HIGH
T0293_hi,UNCERTAIN,CONTINUE_TESTING,0.5,"[0.000, 1.000]",0,1.0,HIGH
T0294,UNCERTAIN,CONTINUE_TESTING,0.5,"[0.000, 1.000]",0,1.0,HIGH
T0294_hi,UNCERTAIN,CONTINUE_TESTING,0.5,"[0.000, 1.000]",0,1.0,HIGH
T0295,UNCERTAIN,CONTINUE_TESTING,0.5,"[0.000, 1.000]",0,1.0,HIGH
T0295_hi,UNCERTAIN,CONTINUE_TESTING,0.5,"[0.000, 1.000]",0,1.0,HIGH
T0296,UNCERTAIN,CONTINUE_TESTING,0.5,"[0.000, 1.000]",0,1.0,HIGH
T0296_hi,UNCERTAIN,CONTINUE_TESTING,0.5,"[0.000, 1.000]",0,1.0,HIGH
T0321,UNCERTAIN,CONTINUE_TESTING,0.5,"[0.000, 1.000]",0,1.0,HIGH
T0321_hi,UNCERTAIN,CONTINUE_TESTING,0.5,"[0.000, 1.000]",0,1.0,HIGH
T0322,UNCERTAIN,CONTINUE_TESTING,0.5,"[0.000, 1.000]",0,1.0,HIGH
T0322_hi,UNCERTAIN,CONTINUE_TESTING,0.5,"[0.000, 1.000]",0,1.0,HIGH
T0323,UNCERTAIN,CONTINUE_TESTING,0.5,"[0.000, 1.000]",0,1.0,HIGH
T0323_hi,UNCERTAIN,CONTINUE_TESTING,0.5,"[0.000, 1.000]",0,1.0,HIGH
T0324,UNCERTAIN,CONTINUE_TESTING,0.5,"[0.000, 1.000]",0,1.0,HIGH
T0324_hi,UNCERTAIN,CONTINUE_TESTING,0.5,"[0.000, 1.000]",0,1.0,HIGH
T0317,UNCERTAIN,CONTINUE_TESTING,0.5,"[0.000, 1.000]",0,1.0,HIGH
T0317_hi,UNCERTAIN,CONTINUE_TESTING,0.5,"[0.000, 1.000]",0,1.0,HIGH
T0318,UNCERTAIN,CONTINUE_TESTING,0.5,"[0.000, 1.000]",0,1.0,HIGH
T0318_hi,UNCERTAIN,CONTINUE_TESTING,0.5,"[0.000, 1.000]",0,1.0,HIGH
T0319,UNCERTAIN,CONTINUE_TESTING,0.5,"[0.000, 1.000]",0,1.0,HIGH
T0319_hi,UNCERTAIN,CONTINUE_TESTING,0.5,"[0.000, 1.000]",0,1.0,HIGH
T0320,UNCERTAIN,CONTINUE_TESTING,0.5,"[0.000, 1.000]",0,1.0,HIGH
T0320_hi,UNCERTAIN,CONTINUE_TESTING,0.5,"[0.000, 1.000]",0,1.0,HIGH
T0313,UNCERTAIN,CONTINUE_TESTING,0.5,"[0.000, 1.000]",0,1.0,HIGH
T0313_hi,UNCERTAIN,CONTINUE_TESTING,0.5,"[0.000, 1.000]",0,1.0,HIGH
T0314,UNCERTAIN,CONTINUE_TESTING,0.5,"[0.000, 1.000]",0,1.0,HIGH
T0314_hi,UNCERTAIN,CONTINUE_TESTING,0.5,"[0.000, 1.000]",0,1.0,HIGH
T0315,UNCERTAIN,CONTINUE_TESTING,0.5,"[0.000, 1.000]",0,1.0,HIGH
T0315_hi,UNCERTAIN,CONTINUE_TESTING,0.5,"[0.000, 1.000]",0,1.0,HIGH
T0316,UNCERTAIN,CONTINUE_TESTING,0.5,"[0.000, 1.000]",0,1.0,HIGH
T0316_hi,UNCERTAIN,CONTINUE_TESTING,0.5,"[0.000, 1.000]",0,1.0,HIGH
T0309,UNCERTAIN,CONTINUE_TESTING,0.5,"[0.000, 1.000]",0,1.0,HIGH
T0309_hi,UNCERTAIN,CONTINUE_TESTING,0.5,"[0.000, 1.000]",0,1.0,HIGH
T0310,UNCERTAIN,CONTINUE_TESTING,0.5,"[0.000, 1.000]",0,1.0,HIGH
T0310_hi,UNCERTAIN,CONTINUE_TESTING,0.5,"[0.000, 1.000]",0,1.0,HIGH
T0311,UNCERTAIN,CONTINUE_TESTING,0.5,"[0.000, 1.000]",0,1.0,HIGH
T0311_hi,UNCERTAIN,CONTINUE_TESTING,0.5,"[0.000, 1.000]",0,1.0,HIGH
T0312,UNCERTAIN,CONTINUE_TESTING,0.5,"[0.000, 1.000]",0,1.0,HIGH
T0312_hi,UNCERTAIN,CONTINUE_TESTING,0.5,"[0.000, 1.000]",0,1.0,HIGH
T0337,UNCERTAIN,CONTINUE_TESTING,0.5,"[0.000, 1.000]",0,1.0,HIGH
T0337_hi,UNCERTAIN,CONTINUE_TESTING,0.5,"[0.000, 1.000]",0,1.0,HIGH
T0338,UNCERTAIN,CONTINUE_TESTING,0.5,"[0.000, 1.000]",0,1.0,HIGH
T0338_hi,UNCERTAIN,CONTINUE_TESTING,0.5,"[0.000, 1.000]",0,1.0,HIGH
T0339,UNCERTAIN,CONTINUE_TESTING,0.5,"[0.000, 1.000]",0,1.0,HIGH
T0339_hi,UNCERTAIN,CONTINUE_TESTING,0.5,"[0.000, 1.000]",0,1.0,HIGH
T0340,UNCERTAIN,CONTINUE_TESTING,0.5,"[0.000, 1.000]",0,1.0,HIGH
T0340_hi,UNCERTAIN,CONTINUE_TESTING,0.5,"[0.000, 1.000]",0,1.0,HIGH
T0333,UNCERTAIN,CONTINUE_TESTING,0.5,"[0.000, 1.000]",0,1.0,HIGH
T0333_hi,UNCERTAIN,CONTINUE_TESTING,0.5,"[0.000, 1.000]",0,1.0,HIGH
T0334,UNCERTAIN,CONTINUE_TESTING,0.5,"[0.000, 1.000]",0,1.0,HIGH
T0334_hi,UNCERTAIN,CONTINUE_TESTING,0.5,"[0.000, 1.000]",0,1.0,HIGH
T0335,UNCERTAIN,CONTINUE_TESTING,0.5,"[0.000, 1.000]",0,1.0,HIGH
T0335_hi,UNCERTAIN,CONTINUE_TESTING,0.5,"[0.000, 1.000]",0,1.0,HIGH
T0336,UNCERTAIN,CONTINUE_TESTING,0.5,"[0.000, 1.000]",0,1.0,HIGH
T0336_hi,UNCERTAIN,CONTINUE_TESTING,0.5,"[0.000, 1.000]",0,1.0,HIGH
T0329,UNCERTAIN,CONTINUE_TESTING,0.5,"[0.000, 1.000]",0,1.0,HIGH
T0329_hi,UNCERTAIN,CONTINUE_TESTING,0.5,"[0.000, 1.000]",0,1.0,HIGH
T0330,UNCERTAIN,CONTINUE_TESTING,0.5,"[0.000, 1.000]",0,1.0,HIGH
T0330_hi,UNCERTAIN,CONTINUE_TESTING,0.5,"[0.000, 1.000]",0,1.0,HIGH
T0331,UNCERTAIN,CONTINUE_TESTING,0.5,"[0.000, 1.000]",0,1.0,HIGH
T0331_hi,UNCERTAIN,CONTINUE_TESTING,0.5,"[0.000, 1.000]",0,1.0,HIGH
T0332,UNCERTAIN,CONTINUE_TESTING,0.5,"[0.000, 1.000]",0,1.0,HIGH
T0332_hi,UNCERTAIN,CONTINUE_TESTING,0.5,"[0.000, 1.000]",0,1.0,HIGH
T0325,UNCERTAIN,CONTINUE_TESTING,0.5,"[0.000, 1.000]",0,1.0,HIGH
T0325_hi,UNCERTAIN,CONTINUE_TESTING,0.5,"[0.000, 1.000]",0,1.0,HIGH
T0326,UNCERTAIN,CONTINUE_TESTING,0.5,"[0.000, 1.000]",0,1.0,HIGH
T0326_hi,UNCERTAIN,CONTINUE_TESTING,0.5,"[0.000, 1.000]",0,1.0,HIGH
T0327,UNCERTAIN,CONTINUE_TESTING,0.5,"[0.000, 1.000]",0,1.0,HIGH
T0327_hi,UNCERTAIN,CONTINUE_TESTING,0.5,"[0.000, 1.000]",0,1.0,HIGH
T0328,UNCERTAIN,CONTINUE_TESTING,0.5,"[0.000, 1.000]",0,1.0,HIGH
T0328_hi,UNCERTAIN,CONTINUE_TESTING,0.5,"[0.000, 1.000]",0,1.0,HIGH
T0353,UNCERTAIN,CONTINUE_TESTING,0.5,"[0.000, 1.000]",0,1.0,HIGH
T0353_hi,UNCERTAIN,CONTINUE_TESTING,0.5,"[0.000, 1.000]",0,1.0,HIGH
T0354,UNCERTAIN,CONTINUE_TESTING,0.5,"[0.000, 1.000]",0,1.0,HIGH
T0354_hi,UNCERTAIN,CONTINUE_TESTING,0.5,"[0.000, 1.000]",0,1.0,HIGH
T0355,UNCERTAIN,CONTINUE_TESTING,0.5,"[0.000, 1.000]",0,1.0,HIGH
T0355_hi,UNCERTAIN,CONTINUE_TESTING,0.5,"[0.000, 1.000]",0,1.0,HIGH
T0356,UNCERTAIN,CONTINUE_TESTING,0.5,"[0.000, 1.000]",0,1.0,HIGH
T0356_hi,UNCERTAIN,CONTINUE_TESTING,0.5,"[0.000, 1.000]",0,1.0,HIGH
T0349,UNCERTAIN,CONTINUE_TESTING,0.5,"[0.000, 1.000]",0,1.0,HIGH
T0349_hi,UNCERTAIN,CONTINUE_TESTING,0.5,"[0.000, 1.000]",0,1.0,HIGH
T0350,UNCERTAIN,CONTINUE_TESTING,0.5,"[0.000, 1.000]",0,1.0,HIGH
T0350_hi,UNCERTAIN,CONTINUE_TESTING,0.5,"[0.000, 1.000]",0,1.0,HIGH
T0351,UNCERTAIN,CONTINUE_TESTING,0.5,"[0.000, 1.000]",0,1.0,HIGH
T0351_hi,UNCERTAIN,CONTINUE_TESTING,0.5,"[0.000, 1.000]",0,1.0,HIGH
T0352,UNCERTAIN,CONTINUE_TESTING,0.5,"[0.000, 1.000]",0,1.0,HIGH
T0352_hi,UNCERTAIN,CONTINUE_TESTING,0.5,"[0.000, 1.000]",0,1.0,HIGH
T0345,UNCERTAIN,CONTINUE_TESTING,0.5,"[0.000, 1.000]",0,1.0,HIGH
T0345_hi,UNCERTAIN,CONTINUE_TESTING,0.5,"[0.000, 1.000]",0,1.0,HIGH
T0346,UNCERTAIN,CONTINUE_TESTING,0.5,"[0.000, 1.000]",0,1.0,HIGH
T0346_hi,UNCERTAIN,CONTINUE_TESTING,0.5,"[0.000, 1.000]",0,1.0,HIGH
T0347,UNCERTAIN,CONTINUE_TESTING,0.5,"[0.000, 1.000]",0,1.0,HIGH
T0347_hi,UNCERTAIN,CONTINUE_TESTING,0.5,"[0.000, 1.000]",0,1.0,HIGH
T0348,UNCERTAIN,CONTINUE_TESTING,0.5,"[0.000, 1.000]",0,1.0,HIGH
T0348_hi,UNCERTAIN,CONTINUE_TESTING,0.5,"[0.000, 1.000]",0,1.0,HIGH
T0341,UNCERTAIN,CONTINUE_TESTING,0.5,"[0.000, 1.000]",0,1.0,HIGH
T0341_hi,UNCERTAIN,CONTINUE_TESTING,0.5,"[0.000, 1.000]",0,1.0,HIGH
T0342,UNCERTAIN,CONTINUE_TESTING,0.5,"[0.000, 1.000]",0,1.0,HIGH
T0342_hi,UNCERTAIN,CONTINUE_TESTING,0.5,"[0.000, 1.000]",0,1.0,HIGH
T0343,UNCERTAIN,CONTINUE_TESTING,0.5,"[0.000, 1.000]",0,1.0,HIGH
T0343_hi,UNCERTAIN,CONTINUE_TESTING,0.5,"[0.000, 1.000]",0,1.0,HIGH
T0344,UNCERTAIN,CONTINUE_TESTING,0.5,"[0.000, 1.000]",0,1.0,HIGH
T0344_hi,UNCERTAIN,CONTINUE_TESTING,0.5,"[0.000, 1.000]",0,1.0,HIGH
T0369,UNCERTAIN,CONTINUE_TESTING,0.5,"[0.000, 1.000]",0,1.0,HIGH
T0369_hi,UNCERTAIN,CONTINUE_TESTING,0.5,"[0.000, 1.000]",0,1.0,HIGH
T0370,UNCERTAIN,CONTINUE_TESTING,0.5,"[0.000, 1.000]",0,1.0,HIGH
T0370_hi,UNCERTAIN,CONTINUE_TESTING,0.5,"[0.000, 1.000]",0,1.0,HIGH
T0371,UNCERTAIN,CONTINUE_TESTING,0.5,"[0.000, 1.000]",0,1.0,HIGH
T0371_hi,UNCERTAIN,CONTINUE_TESTING,0.5,"[0.000, 1.000]",0,1.0,HIGH
T0372,UNCERTAIN,CONTINUE_TESTING,0.5,"[0.000, 1.000]",0,1.0,HIGH
T0372_hi,UNCERTAIN,CONTINUE_TESTING,0.5,"[0.000, 1.000]",0,1.0,HIGH
T0365,UNCERTAIN,CONTINUE_TESTING,0.5,"[0.000, 1.000]",0,1.0,HIGH
T0365_hi,UNCERTAIN,CONTINUE_TESTING,0.5,"[0.000, 1.000]",0,1.0,HIGH
T0366,UNCERTAIN,CONTINUE_TESTING,0.5,"[0.000, 1.000]",0,1.0,HIGH
T0366_hi,UNCERTAIN,CONTINUE_TESTING,0.5,"[0.000, 1.000]",0,1.0,HIGH
T0367,UNCERTAIN,CONTINUE_TESTING,0.5,"[0.000, 1.000]",0,1.0,HIGH
T0367_hi,UNCERTAIN,CONTINUE_TESTING,0.5,"[0.000, 1.000]",0,1.0,HIGH
T0368,UNCERTAIN,CONTINUE_TESTING,0.5,"[0.000, 1.000]",0,1.0,HIGH
T0368_hi,UNCERTAIN,CONTINUE_TESTING,0.5,"[0.000, 1.000]",0,1.0,HIGH
T0361,UNCERTAIN,CONTINUE_TESTING,0.5,"[0.000, 1.000]",0,1.0,HIGH
T0361_hi,UNCERTAIN,CONTINUE_TESTING,0.5,"[0.000, 1.000]",0,1.0,HIGH
T0362,UNCERTAIN,CONTINUE_TESTING,0.5,"[0.000, 1.000]",0,1.0,HIGH
T0362_hi,UNCERTAIN,CONTINUE_TESTING,0.5,"[0.000, 1.000]",0,1.0,HIGH
T0363,UNCERTAIN,CONTINUE_TESTING,0.5,"[0.000, 1.000]",0,1.0,HIGH
T0363_hi,UNCERTAIN,CONTINUE_TESTING,0.5,"[0.000, 1.000]",0,1.0,HIGH
T0364,UNCERTAIN,CONTINUE_TESTING,0.5,"[0.000, 1.000]",0,1.0,HIGH
T0364_hi,UNCERTAIN,CONTINUE_TESTING,0.5,"[0.000, 1.000]",0,1.0,HIGH
T0357,UNCERTAIN,CONTINUE_TESTING,0.5,"[0.000, 1.000]",0,1.0,HIGH
T0357_hi,UNCERTAIN,CONTINUE_TESTING,0.5,"[0.000, 1.000]",0,1.0,HIGH
T0358,UNCERTAIN,CONTINUE_TESTING,0.5,"[0.000, 1.000]",0,1.0,HIGH
T0358_hi,UNCERTAIN,CONTINUE_TESTING,0.5,"[0.000, 1.000]",0,1.0,HIGH
T0359,UNCERTAIN,CONTINUE_TESTING,0.5,"[0.000, 1.000]",0,1.0,HIGH
T0359_hi,UNCERTAIN,CONTINUE_TESTING,0.5,"[0.000, 1.000]",0,1.0,HIGH
T0360,UNCERTAIN,CONTINUE_TESTING,0.5,"[0.000, 1.000]",0,1.0,HIGH
T0360_hi,UNCERTAIN,CONTINUE_TESTING,0.5,"[0.000, 1.000]",0,1.0,HIGH
T0385,UNCERTAIN,CONTINUE_TESTING,0.5,"[0.000, 1.000]",0,1.0,HIGH
T0385_hi,UNCERTAIN,CONTINUE_TESTING,0.5,"[0.000, 1.000]",0,1.0,HIGH
T0386,UNCERTAIN,CONTINUE_TESTING,0.5,"[0.000, 1.000]",0,1.0,HIGH
T0386_hi,UNCERTAIN,CONTINUE_TESTING,0.5,"[0.000, 1.000]",0,1.0,HIGH
T0387,UNCERTAIN,CONTINUE_TESTING,0.5,"[0.000, 1.000]",0,1.0,HIGH
T0387_hi,UNCERTAIN,CONTINUE_TESTING,0.5,"[0.000, 1.000]",0,1.0,HIGH
T0388,UNCERTAIN,CONTINUE_TESTING,0.5,"[0.000, 1.000]",0,1.0,HIGH
T0388_hi,UNCERTAIN,CONTINUE_TESTING,0.5,"[0.000, 1.000]",0,1.0,HIGH
T0381,UNCERTAIN,CONTINUE_TESTING,0.5,"[0.000, 1.000]",0,1.0,HIGH
T0381_hi,UNCERTAIN,CONTINUE_TESTING,0.5,"[0.000, 1.000]",0,1.0,HIGH
T0382,UNCERTAIN,CONTINUE_TESTING,0.5,"[0.000, 1.000]",0,1.0,HIGH
T0382_hi,UNCERTAIN,CONTINUE_TESTING,0.5,"[0.000, 1.000]",0,1.0,HIGH
T0383,UNCERTAIN,CONTINUE_TESTING,0.5,"[0.000, 1.000]",0,1.0,HIGH
T0383_hi,UNCERTAIN,CONTINUE_TESTING,0.5,"[0.000, 1.000]",0,1.0,HIGH
T0384,UNCERTAIN,CONTINUE_TESTING,0.5,"[0.000, 1.000]",0,1.0,HIGH
T0384_hi,UNCERTAIN,CONTINUE_TESTING,0.5,"[0.000, 1.000]",0,1.0,HIGH
T0377,UNCERTAIN,CONTINUE_TESTING,0.5,"[0.000, 1.000]",0,1.0,HIGH
T0377_hi,UNCERTAIN,CONTINUE_TESTING,0.5,"[0.000, 1.000]",0,1.0,HIGH
T0378,UNCERTAIN,CONTINUE_TESTING,0.5,"[0.000, 1.000]",0,1.0,HIGH
T0378_hi,UNCERTAIN,CONTINUE_TESTING,0.5,"[0.000, 1.000]",0,1.0,HIGH
T0379,UNCERTAIN,CONTINUE_TESTING,0.5,"[0.000, 1.000]",0,1.0,HIGH
T0379_hi,UNCERTAIN,CONTINUE_TESTING,0.5,"[0.000, 1.000]",0,1.0,HIGH
T0380,UNCERTAIN,CONTINUE_TESTING,0.5,"[0.000, 1.000]",0,1.0,HIGH
T0380_hi,UNCERTAIN,CONTINUE_TESTING,0.5,"[0.000, 1.000]",0,1.0,HIGH
T0373,UNCERTAIN,CONTINUE_TESTING,0.5,"[0.000, 1.000]",0,1.0,HIGH
T0373_hi,UNCERTAIN,CONTINUE_TESTING,0.5,"[0.000, 1.000]",0,1.0,HIGH
T0374,UNCERTAIN,CONTINUE_TESTING,0.5,"[0.000, 1.000]",0,1.0,HIGH
T0374_hi,UNCERTAIN,CONTINUE_TESTING,0.5,"[0.000, 1.000]",0,1.0,HIGH
T0375,UNCERTAIN,CONTINUE_TESTING,0.5,"[0.000, 1.000]",0,1.0,HIGH
T0375_hi,UNCERTAIN,CONTINUE_TESTING,0.5,"[0.000, 1.000]",0,1.0,HIGH
T0376,UNCERTAIN,CONTINUE_TESTING,0.5,"[0.000, 1.000]",0,1.0,HIGH
T0376_hi,UNCERTAIN,CONTINUE_TESTING,0.5,"[0.000, 1.000]",0,1.0,HIGH
T0401,UNCERTAIN,CONTINUE_TESTING,0.5,"[0.000, 1.000]",0,1.0,HIGH
T0401_hi,UNCERTAIN,CONTINUE_TESTING,0.5,"[0.000, 1.000]",0,1.0,HIGH
T0402,UNCERTAIN,CONTINUE_TESTING,0.5,"[0.000, 1.000]",0,1.0,HIGH
T0402_hi,UNCERTAIN,CONTINUE_TESTING,0.5,"[0.000, 1.000]",0,1.0,HIGH
T0403,UNCERTAIN,CONTINUE_TESTING,0.5,"[0.000, 1.000]",0,1.0,HIGH
T0403_hi,UNCERTAIN,CONTINUE_TESTING,0.5,"[0.000, 1.000]",0,1.0,HIGH
T0404,UNCERTAIN,CONTINUE_TESTING,0.5,"[0.000, 1.000]",0,1.0,HIGH
T0404_hi,UNCERTAIN,CONTINUE_TESTING,0.5,"[0.000, 1.000]",0,1.0,HIGH
T0397,UNCERTAIN,CONTINUE_TESTING,0.5,"[0.000, 1.000]",0,1.0,HIGH
T0397_hi,UNCERTAIN,CONTINUE_TESTING,0.5,"[0.000, 1.000]",0,1.0,HIGH
T0398,UNCERTAIN,CONTINUE_TESTING,0.5,"[0.000, 1.000]",0,1.0,HIGH
T0398_hi,UNCERTAIN,CONTINUE_TESTING,0.5,"[0.000, 1.000]",0,1.0,HIGH
T0399,UNCERTAIN,CONTINUE_TESTING,0.5,"[0.000, 1.000]",0,1.0,HIGH
T0399_hi,UNCERTAIN,CONTINUE_TESTING,0.5,"[0.000, 1.000]",0,1.0,HIGH
T0400,UNCERTAIN,CONTINUE_TESTING,0.5,"[0.000, 1.000]",0,1.0,HIGH
T0400_hi,UNCERTAIN,CONTINUE_TESTING,0.5,"[0.000, 1.000]",0,1.0,HIGH
T0393,UNCERTAIN,CONTINUE_TESTING,0.5,"[0.000, 1.000]",0,1.0,HIGH
T0393_hi,UNCERTAIN,CONTINUE_TESTING,0.5,"[0.000, 1.000]",0,1.0,HIGH
T0394,UNCERTAIN,CONTINUE_TESTING,0.5,"[0.000, 1.000]",0,1.0,HIGH
T0394_hi,UNCERTAIN,CONTINUE_TESTING,0.5,"[0.000, 1.000]",0,1.0,HIGH
T0395,UNCERTAIN,CONTINUE_TESTING,0.5,"[0.000, 1.000]",0,1.0,HIGH
T0395_hi,UNCERTAIN,CONTINUE_TESTING,0.5,"[0.000, 1.000]",0,1.0,HIGH
T0396,UNCERTAIN,CONTINUE_TESTING,0.5,"[0.000, 1.000]",0,1.0,HIGH
T0396_hi,UNCERTAIN,CONTINUE_TESTING,0.5,"[0.000, 1.000]",0,1.0,HIGH
T0389,UNCERTAIN,CONTINUE_TESTING,0.5,"[0.000, 1.000]",0,1.0,HIGH
T0389_hi,UNCERTAIN,CONTINUE_TESTING,0.5,"[0.000, 1.000]",0,1.0,HIGH
T0390,UNCERTAIN,CONTINUE_TESTING,0.5,"[0.000, 1.000]",0,1.0,HIGH
T0390_hi,UNCERTAIN,CONTINUE_TESTING,0.5,"[0.000, 1.000]",0,1.0,HIGH
T0391,UNCERTAIN,CONTINUE_TESTING,0.5,"[0.000, 1.000]",0,1.0,HIGH
T0391_hi,UNCERTAIN,CONTINUE_TESTING,0.5,"[0.000, 1.000]",0,1.0,HIGH
T0392,UNCERTAIN,CONTINUE_TESTING,0.5,"[0.000, 1.000]",0,1.0,HIGH
T0392_hi,UNCERTAIN,CONTINUE_TESTING,0.5,"[0.000, 1.000]",0,1.0,HIGH
T0417,UNCERTAIN,CONTINUE_TESTING,0.5,"[0.000, 1.000]",0,1.0,HIGH
T0417_hi,UNCERTAIN,CONTINUE_TESTING,0.5,"[0.000, 1.000]",0,1.0,HIGH
T0418,UNCERTAIN,CONTINUE_TESTING,0.5,"[0.000, 1.000]",0,1.0,HIGH
T0418_hi,UNCERTAIN,CONTINUE_TESTING,0.5,"[0.000, 1.000]",0,1.0,HIGH
T0419,UNCERTAIN,CONTINUE_TESTING,0.5,"[0.000, 1.000]",0,1.0,HIGH
T0419_hi,UNCERTAIN,CONTINUE_TESTING,0.5,"[0.000, 1.000]",0,1.0,HIGH
T0420,UNCERTAIN,CONTINUE_TESTING,0.5,"[0.000, 1.000]",0,1.0,HIGH
T0420_hi,UNCERTAIN,CONTINUE_TESTING,0.5,"[0.000, 1.000]",0,1.0,HIGH
T0413,UNCERTAIN,CONTINUE_TESTING,0.5,"[0.000, 1.000]",0,1.0,HIGH
T0413_hi,UNCERTAIN,CONTINUE_TESTING,0.5,"[0.000, 1.000]",0,1.0,HIGH
T0414,UNCERTAIN,CONTINUE_TESTING,0.5,"[0.000, 1.000]",0,1.0,HIGH
T0414_hi,UNCERTAIN,CONTINUE_TESTING,0.5,"[0.000, 1.000]",0,1.0,HIGH
T0415,UNCERTAIN,CONTINUE_TESTING,0.5,"[0.000, 1.000]",0,1.0,HIGH
T0415_hi,UNCERTAIN,CONTINUE_TESTING,0.5,"[0.000, 1.000]",0,1.0,HIGH
T0416,UNCERTAIN,CONTINUE_TESTING,0.5,"[0.000, 1.000]",0,1.0,HIGH
T0416_hi,UNCERTAIN,CONTINUE_TESTING,0.5,"[0.000, 1.000]",0,1.0,HIGH
T0409,UNCERTAIN,CONTINUE_TESTING,0.5,"[0.000, 1.000]",0,1.0,HIGH
T0409_hi,UNCERTAIN,CONTINUE_TESTING,0.5,"[0.000, 1.000]",0,1.0,HIGH
T0410,UNCERTAIN,CONTINUE_TESTING,0.5,"[0.000, 1.000]",0,1.0,HIGH
T0410_hi,UNCERTAIN,CONTINUE_TESTING,0.5,"[0.000, 1.000]",0,1.0,HIGH
T0411,UNCERTAIN,CONTINUE_TESTING,0.5,"[0.000, 1.000]",0,1.0,HIGH
T0411_hi,UNCERTAIN,CONTINUE_TESTING,0.5,"[0.000, 1.000]",0,1.0,HIGH
T0412,UNCERTAIN,CONTINUE_TESTING,0.5,"[0.000, 1.000]",0,1.0,HIGH
T0412_hi,UNCERTAIN,CONTINUE_TESTING,0.5,"[0.000, 1.000]",0,1.0,HIGH
T0405,UNCERTAIN,CONTINUE_TESTING,0.5,"[0.000, 1.000]",0,1.0,HIGH
T0405_hi,UNCERTAIN,CONTINUE_TESTING,0.5,"[0.000, 1.000]",0,1.0,HIGH
T0406,UNCERTAIN,CONTINUE_TESTING,0.5,"[0.000, 1.000]",0,1.0,HIGH
T0406_hi,UNCERTAIN,CONTINUE_TESTING,0.5,"[0.000, 1.000]",0,1.0,HIGH
T0407,UNCERTAIN,CONTINUE_TESTING,0.5,"[0.000, 1.000]",0,1.0,HIGH
T0407_hi,UNCERTAIN,CONTINUE_TESTING,0.5,"[0.000, 1.000]",0,1.0,HIGH
T0408,UNCERTAIN,CONTINUE_TESTING,0.5,"[0.000, 1.000]",0,1.0,HIGH
T0408_hi,UNCERTAIN,CONTINUE_TESTING,0.5,"[0.000, 1.000]",0,1.0,HIGH
T0433,UNCERTAIN,CONTINUE_TESTING,0.5,"[0.000, 1.000]",0,1.0,HIGH
T0433_hi,UNCERTAIN,CONTINUE_TESTING,0.5,"[0.000, 1.000]",0,1.0,HIGH
T0434,UNCERTAIN,CONTINUE_TESTING,0.5,"[0.000, 1.000]",0,1.0,HIGH
T0434_hi,UNCERTAIN,CONTINUE_TESTING,0.5,"[0.000, 1.000]",0,1.0,HIGH
T0435,UNCERTAIN,CONTINUE_TESTING,0.5,"[0.000, 1.000]",0,1.0,HIGH
T0435_hi,UNCERTAIN,CONTINUE_TESTING,0.5,"[0.000, 1.000]",0,1.0,HIGH
T0436,UNCERTAIN,CONTINUE_TESTING,0.5,"[0.000, 1.000]",0,1.0,HIGH
T0436_hi,UNCERTAIN,CONTINUE_TESTING,0.5,"[0.000, 1.000]",0,1.0,HIGH
T0429,UNCERTAIN,CONTINUE_TESTING,0.5,"[0.000, 1.000]",0,1.0,HIGH
T0429_hi,UNCERTAIN,CONTINUE_TESTING,0.5,"[0.000, 1.000]",0,1.0,HIGH
T0430,UNCERTAIN,CONTINUE_TESTING,0.5,"[0.000, 1.000]",0,1.0,HIGH
T0430_hi,UNCERTAIN,CONTINUE_TESTING,0.5,"[0.000, 1.000]",0,1.0,HIGH
T0431,UNCERTAIN,CONTINUE_TESTING,0.5,"[0.000, 1.000]",0,1.0,HIGH
T0431_hi,UNCERTAIN,CONTINUE_TESTING,0.5,"[0.000, 1.000]",0,1.0,HIGH
T0432,UNCERTAIN,CONTINUE_TESTING,0.5,"[0.000, 1.000]",0,1.0,HIGH
T0432_hi,UNCERTAIN,CONTINUE_TESTING,0.5,"[0.000, 1.000]",0,1.0,HIGH
T0425,UNCERTAIN,CONTINUE_TESTING,0.5,"[0.000, 1.000]",0,1.0,HIGH
T0425_hi,UNCERTAIN,CONTINUE_TESTING,0.5,"[0.000, 1.000]",0,1.0,HIGH
T0426,UNCERTAIN,CONTINUE_TESTING,0.5,"[0.000, 1.000]",0,1.0,HIGH
T0426_hi,UNCERTAIN,CONTINUE_TESTING,0.5,"[0.000, 1.000]",0,1.0,HIGH
T0427,UNCERTAIN,CONTINUE_TESTING,0.5,"[0.000, 1.000]",0,1.0,HIGH
T0427_hi,UNCERTAIN,CONTINUE_TESTING,0.5,"[0.000, 1.000]",0,1.0,HIGH
T0428,UNCERTAIN,CONTINUE_TESTING,0.5,"[0.000, 1.000]",0,1.0,HIGH
T0428_hi,UNCERTAIN,CONTINUE_TESTING,0.5,"[0.000, 1.000]",0,1.0,HIGH
T0421,UNCERTAIN,CONTINUE_TESTING,0.5,"[0.000, 1.000]",0,1.0,HIGH
T0421_hi,UNCERTAIN,CONTINUE_TESTING,0.5,"[0.000, 1.000]",0,1.0,HIGH
T0422,UNCERTAIN,CONTINUE_TESTING,0.5,"[0.000, 1.000]",0,1.0,HIGH
T0422_hi,UNCERTAIN,CONTINUE_TESTING,0.5,"[0.000, 1.000]",0,1.0,HIGH
T0423,UNCERTAIN,CONTINUE_TESTING,0.5,"[0.000, 1.000]",0,1.0,HIGH
T0423_hi,UNCERTAIN,CONTINUE_TESTING,0.5,"[0.000, 1.000]",0,1.0,HIGH
T0424,UNCERTAIN,CONTINUE_TESTING,0.5,"[0.000, 1.000]",0,1.0,HIGH
T0424_hi,UNCERTAIN,CONTINUE_TESTING,0.5,"[0.000, 1.000]",0,1.0,HIGH
T0449,UNCERTAIN,CONTINUE_TESTING,0.5,"[0.000, 1.000]",0,1.0,HIGH
T0449_hi,UNCERTAIN,CONTINUE_TESTING,0.5,"[0.000, 1.000]",0,1.0,HIGH
T0450,UNCERTAIN,CONTINUE_TESTING,0.5,"[0.000, 1.000]",0,1.0,HIGH
T0450_hi,UNCERTAIN,CONTINUE_TESTING,0.5,"[0.000, 1.000]",0,1.0,HIGH
T0451,UNCERTAIN,CONTINUE_TESTING,0.5,"[0.000, 1.000]",0,1.0,HIGH
T0451_hi,UNCERTAIN,CONTINUE_TESTING,0.5,"[0.000, 1.000]",0,1.0,HIGH
T0452,UNCERTAIN,CONTINUE_TESTING,0.5,"[0.000, 1.000]",0,1.0,HIGH
T0452_hi,UNCERTAIN,CONTINUE_TESTING,0.5,"[0.000, 1.000]",0,1.0,HIGH
T0445,UNCERTAIN,CONTINUE_TESTING,0.5,"[0.000, 1.000]",0,1.0,HIGH
T0445_hi,UNCERTAIN,CONTINUE_TESTING,0.5,"[0.000, 1.000]",0,1.0,HIGH
T0446,UNCERTAIN,CONTINUE_TESTING,0.5,"[0.000, 1.000]",0,1.0,HIGH
T0446_hi,UNCERTAIN,CONTINUE_TESTING,0.5,"[0.000, 1.000]",0,1.0,HIGH
T0447,UNCERTAIN,CONTINUE_TESTING,0.5,"[0.000, 1.000]",0,1.0,HIGH
T0447_hi,UNCERTAIN,CONTINUE_TESTING,0.5,"[0.000, 1.000]",0,1.0,HIGH
T0448,UNCERTAIN,CONTINUE_TESTING,0.5,"[0.000, 1.000]",0,1.0,HIGH
T0448_hi,UNCERTAIN,CONTINUE_TESTING,0.5,"[0.000, 1.000]",0,1.0,HIGH
T0441,UNCERTAIN,CONTINUE_TESTING,0.5,"[0.000, 1.000]",0,1.0,HIGH
T0441_hi,UNCERTAIN,CONTINUE_TESTING,0.5,"[0.000, 1.000]",0,1.0,HIGH
T0442,UNCERTAIN,CONTINUE_TESTING,0.5,"[0.000, 1.000]",0,1.0,HIGH
T0442_hi,UNCERTAIN,CONTINUE_TESTING,0.5,"[0.000, 1.000]",0,1.0,HIGH
T0443,UNCERTAIN,CONTINUE_TESTING,0.5,"[0.000, 1.000]",0,1.0,HIGH
T0443_hi,UNCERTAIN,CONTINUE_TESTING,0.5,"[0.000, 1.000]",0,1.0,HIGH
T0444,UNCERTAIN,CONTINUE_TESTING,0.5,"[0.000, 1.000]",0,1.0,HIGH
T0444_hi,UNCERTAIN,CONTINUE_TESTING,0.5,"[0.000, 1.000]",0,1.0,HIGH
T0437,UNCERTAIN,CONTINUE_TESTING,0.5,"[0.000, 1.000]",0,1.0,HIGH
T0437_hi,UNCERTAIN,CONTINUE_TESTING,0.5,"[0.000, 1.000]",0,1.0,HIGH
T0438,UNCERTAIN,CONTINUE_TESTING,0.5,"[0.000, 1.000]",0,1.0,HIGH
T0438_hi,UNCERTAIN,CONTINUE_TESTING,0.5,"[0.000, 1.000]",0,1.0,HIGH
T0439,UNCERTAIN,CONTINUE_TESTING,0.5,"[0.000, 1.000]",0,1.0,HIGH
T0439_hi,UNCERTAIN,CONTINUE_TESTING,0.5,"[0.000, 1.000]",0,1.0,HIGH
T0440,UNCERTAIN,CONTINUE_TESTING,0.5,"[0.000, 1.000]",0,1.0,HIGH
T0440_hi,UNCERTAIN,CONTINUE_TESTING,0.5,"[0.000, 1.000]",0,1.0,HIGH
T0465,UNCERTAIN,CONTINUE_TESTING,0.5,"[0.000, 1.000]",0,1.0,HIGH
T0465_hi,UNCERTAIN,CONTINUE_TESTING,0.5,"[0.000, 1.000]",0,1.0,HIGH
T0466,UNCERTAIN,CONTINUE_TESTING,0.5,"[0.000, 1.000]",0,1.0,HIGH
T0466_hi,UNCERTAIN,CONTINUE_TESTING,0.5,"[0.000, 1.000]",0,1.0,HIGH
T0467,UNCERTAIN,CONTINUE_TESTING,0.5,"[0.000, 1.000]",0,1.0,HIGH
T0467_hi,UNCERTAIN,CONTINUE_TESTING,0.5,"[0.000, 1.000]",0,1.0,HIGH
T0468,UNCERTAIN,CONTINUE_TESTING,0.5,"[0.000, 1.000]",0,1.0,HIGH
T0468_hi,UNCERTAIN,CONTINUE_TESTING,0.5,"[0.000, 1.000]",0,1.0,HIGH
T0461,UNCERTAIN,CONTINUE_TESTING,0.5,"[0.000, 1.000]",0,1.0,HIGH
T0461_hi,UNCERTAIN,CONTINUE_TESTING,0.5,"[0.000, 1.000]",0,1.0,HIGH
T0462,UNCERTAIN,CONTINUE_TESTING,0.5,"[0.000, 1.000]",0,1.0,HIGH
T0462_hi,UNCERTAIN,CONTINUE_TESTING,0.5,"[0.000, 1.000]",0,1.0,HIGH
T0463,UNCERTAIN,CONTINUE_TESTING,0.5,"[0.000, 1.000]",0,1.0,HIGH
T0463_hi,UNCERTAIN,CONTINUE_TESTING,0.5,"[0.000, 1.000]",0,1.0,HIGH
T0464,UNCERTAIN,CONTINUE_TESTING,0.5,"[0.000, 1.000]",0,1.0,HIGH
T0464_hi,UNCERTAIN,CONTINUE_TESTING,0.5,"[0.000, 1.000]",0,1.0,HIGH
T0457,UNCERTAIN,CONTINUE_TESTING,0.5,"[0.000, 1.000]",0,1.0,HIGH
T0457_hi,UNCERTAIN,CONTINUE_TESTING,0.5,"[0.000, 1.000]",0,1.0,HIGH
T0458,UNCERTAIN,CONTINUE_TESTING,0.5,"[0.000, 1.000]",0,1.0,HIGH
T0458_hi,UNCERTAIN,CONTINUE_TESTING,0.5,"[0.000, 1.000]",0,1.0,HIGH
T0459,UNCERTAIN,CONTINUE_TESTING,0.5,"[0.000, 1.000]",0,1.0,HIGH
T0459_hi,UNCERTAIN,CONTINUE_TESTING,0.5,"[0.000, 1.000]",0,1.0,HIGH
T0460,UNCERTAIN,CONTINUE_TESTING,0.5,"[0.000, 1.000]",0,1.0,HIGH
T0460_hi,UNCERTAIN,CONTINUE_TESTING,0.5,"[0.000, 1.000]",0,1.0,HIGH
T0453,UNCERTAIN,CONTINUE_TESTING,0.5,"[0.000, 1.000]",0,1.0,HIGH
T0453_hi,UNCERTAIN,CONTINUE_TESTING,0.5,"[0.000, 1.000]",0,1.0,HIGH
T0454,UNCERTAIN,CONTINUE_TESTING,0.5,"[0.000, 1.000]",0,1.0,HIGH
T0454_hi,UNCERTAIN,CONTINUE_TESTING,0.5,"[0.000, 1.000]",0,1.0,HIGH
T0455,UNCERTAIN,CONTINUE_TESTING,0.5,"[0.000, 1.000]",0,1.0,HIGH
T0455_hi,UNCERTAIN,CONTINUE_TESTING,0.5,"[0.000, 1.000]",0,1.0,HIGH
T0456,UNCERTAIN,CONTINUE_TESTING,0.5,"[0.000, 1.000]",0,1.0,HIGH
T0456_hi,UNCERTAIN,CONTINUE_TESTING,0.5,"[0.000, 1.000]",0,1.0,HIGH
T0481,UNCERTAIN,CONTINUE_TESTING,0.5,"[0.000, 1.000]",0,1.0,HIGH
T0481_hi,UNCERTAIN,CONTINUE_TESTING,0.5,"[0.000, 1.000]",0,1.0,HIGH
T0482,UNCERTAIN,CONTINUE_TESTING,0.5,"[0.000, 1.000]",0,1.0,HIGH
T0482_hi,UNCERTAIN,CONTINUE_TESTING,0.5,"[0.000, 1.000]",0,1.0,HIGH
T0483,UNCERTAIN,CONTINUE_TESTING,0.5,"[0.000, 1.000]",0,1.0,HIGH
T0483_hi,UNCERTAIN,CONTINUE_TESTING,0.5,"[0.000, 1.000]",0,1.0,HIGH
T0484,UNCERTAIN,CONTINUE_TESTING,0.5,"[0.000, 1.000]",0,1.0,HIGH
T0484_hi,UNCERTAIN,CONTINUE_TESTING,0.5,"[0.000, 1.000]",0,1.0,HIGH
T0477,UNCERTAIN,CONTINUE_TESTING,0.5,"[0.000, 1.000]",0,1.0,HIGH
T0477_hi,UNCERTAIN,CONTINUE_TESTING,0.5,"[0.000, 1.000]",0,1.0,HIGH
T0478,UNCERTAIN,CONTINUE_TESTING,0.5,"[0.000, 1.000]",0,1.0,HIGH
T0478_hi,UNCERTAIN,CONTINUE_TESTING,0.5,"[0.000, 1.000]",0,1.0,HIGH
T0479,UNCERTAIN,CONTINUE_TESTING,0.5,"[0.000, 1.000]",0,1.0,HIGH
T0479_hi,UNCERTAIN,CONTINUE_TESTING,0.5,"[0.000, 1.000]",0,1.0,HIGH
T0480,UNCERTAIN,CONTINUE_TESTING,0.5,"[0.000, 1.000]",0,1.0,HIGH
T0480_hi,UNCERTAIN,CONTINUE_TESTING,0.5,"[0.000, 1.000]",0,1.0,HIGH
T0473,UNCERTAIN,CONTINUE_TESTING,0.5,"[0.000, 1.000]",0,1.0,HIGH
T0473_hi,UNCERTAIN,CONTINUE_TESTING,0.5,"[0.000, 1.000]",0,1.0,HIGH
T0474,UNCERTAIN,CONTINUE_TESTING,0.5,"[0.000, 1.000]",0,1.0,HIGH
T0474_hi,UNCERTAIN,CONTINUE_TESTING,0.5,"[0.000, 1.000]",0,1.0,HIGH
T0475,UNCERTAIN,CONTINUE_TESTING,0.5,"[0.000, 1.000]",0,1.0,HIGH
T0475_hi,UNCERTAIN,CONTINUE_TESTING,0.5,"[0.000, 1.000]",0,1.0,HIGH
T0476,UNCERTAIN,CONTINUE_TESTING,0.5,"[0.000, 1.000]",0,1.0,HIGH
T0476_hi,UNCERTAIN,CONTINUE_TESTING,0.5,"[0.000, 1.000]",0,1.0,HIGH
T0469,UNCERTAIN,CONTINUE_TESTING,0.5,"[0.000, 1.000]",0,1.0,HIGH
T0469_hi,UNCERTAIN,CONTINUE_TESTING,0.5,"[0.000, 1.000]",0,1.0,HIGH
T0470,UNCERTAIN,CONTINUE_TESTING,0.5,"[0.000, 1.000]",0,1.0,HIGH
T0470_hi,UNCERTAIN,CONTINUE_TESTING,0.5,"[0.000, 1.000]",0,1.0,HIGH
T0471,UNCERTAIN,CONTINUE_TESTING,0.5,"[0.000, 1.000]",0,1.0,HIGH
T0471_hi,UNCERTAIN,CONTINUE_TESTING,0.5,"[0.000, 1.000]",0,1.0,HIGH
T0472,UNCERTAIN,CONTINUE_TESTING,0.5,"[0.000, 1.000]",0,1.0,HIGH
T0472_hi,UNCERTAIN,CONTINUE_TESTING,0.5,"[0.000, 1.000]",0,1.0,HIGH
T0497,UNCERTAIN,CONTINUE_TESTING,0.5,"[0.000, 1.000]",0,1.0,HIGH
T0497_hi,UNCERTAIN,CONTINUE_TESTING,0.5,"[0.000, 1.000]",0,1.0,HIGH
T0498,UNCERTAIN,CONTINUE_TESTING,0.5,"[0.000, 1.000]",0,1.0,HIGH
T0498_hi,UNCERTAIN,CONTINUE_TESTING,0.5,"[0.000, 1.000]",0,1.0,HIGH
T0499,UNCERTAIN,CONTINUE_TESTING,0.5,"[0.000, 1.000]",0,1.0,HIGH
T0499_hi,UNCERTAIN,CONTINUE_TESTING,0.5,"[0.000, 1.000]",0,1.0,HIGH
T0500,UNCERTAIN,CONTINUE_TESTING,0.5,"[0.000, 1.000]",0,1.0,HIGH
T0500_hi,UNCERTAIN,CONTINUE_TESTING,0.5,"[0.000, 1.000]",0,1.0,HIGH
T0493,UNCERTAIN,CONTINUE_TESTING,0.5,"[0.000, 1.000]",0,1.0,HIGH
T0493_hi,UNCERTAIN,CONTINUE_TESTING,0.5,"[0.000, 1.000]",0,1.0,HIGH
T0494,UNCERTAIN,CONTINUE_TESTING,0.5,"[0.000, 1.000]",0,1.0,HIGH
T0494_hi,UNCERTAIN,CONTINUE_TESTING,0.5,"[0.000, 1.000]",0,1.0,HIGH
T0495,UNCERTAIN,CONTINUE_TESTING,0.5,"[0.000, 1.000]",0,1.0,HIGH
T0495_hi,UNCERTAIN,CONTINUE_TESTING,0.5,"[0.000, 1.000]",0,1.0,HIGH
T0496,UNCERTAIN,CONTINUE_TESTING,0.5,"[0.000, 1.000]",0,1.0,HIGH
T0496_hi,UNCERTAIN,CONTINUE_TESTING,0.5,"[0.000, 1.000]",0,1.0,HIGH
T0489,UNCERTAIN,CONTINUE_TESTING,0.5,"[0.000, 1.000]",0,1.0,HIGH
T0489_hi,UNCERTAIN,CONTINUE_TESTING,0.5,"[0.000, 1.000]",0,1.0,HIGH
T0490,UNCERTAIN,CONTINUE_TESTING,0.5,"[0.000, 1.000]",0,1.0,HIGH
T0490_hi,UNCERTAIN,CONTINUE_TESTING,0.5,"[0.000, 1.000]",0,1.0,HIGH
T0491,UNCERTAIN,CONTINUE_TESTING,0.5,"[0.000, 1.000]",0,1.0,HIGH
T0491_hi,UNCERTAIN,CONTINUE_TESTING,0.5,"[0.000, 1.000]",0,1.0,HIGH
T0492,UNCERTAIN,CONTINUE_TESTING,0.5,"[0.000, 1.000]",0,1.0,HIGH
T0492_hi,UNCERTAIN,CONTINUE_TESTING,0.5,"[0.000, 1.000]",0,1.0,HIGH
T0485,UNCERTAIN,CONTINUE_TESTING,0.5,"[0.000, 1.000]",0,1.0,HIGH
T0485_hi,UNCERTAIN,CONTINUE_TESTING,0.5,"[0.000, 1.000]",0,1.0,HIGH
T0486,UNCERTAIN,CONTINUE_TESTING,0.5,"[0.000, 1.000]",0,1.0,HIGH
T0486_hi,UNCERTAIN,CONTINUE_TESTING,0.5,"[0.000, 1.000]",0,1.0,HIGH
T0487,UNCERTAIN,CONTINUE_TESTING,0.5,"[0.000, 1.000]",0,1.0,HIGH
T0487_hi,UNCERTAIN,CONTINUE_TESTING,0.5,"[0.000, 1.000]",0,1.0,HIGH
T0488,UNCERTAIN,CONTINUE_TESTING,0.5,"[0.000, 1.000]",0,1.0,HIGH
T0488_hi,UNCERTAIN,CONTINUE_TESTING,0.5,"[0.000, 1.000]",0,1.0,HIGH
T0513,UNCERTAIN,CONTINUE_TESTING,0.5,"[0.000, 1.000]",0,1.0,HIGH
T0513_hi,UNCERTAIN,CONTINUE_TESTING,0.5,"[0.000, 1.000]",0,1.0,HIGH
T0514,UNCERTAIN,CONTINUE_TESTING,0.5,"[0.000, 1.000]",0,1.0,HIGH
T0514_hi,UNCERTAIN,CONTINUE_TESTING,0.5,"[0.000, 1.000]",0,1.0,HIGH
T0515,UNCERTAIN,CONTINUE_TESTING,0.5,"[0.000, 1.000]",0,1.0,HIGH
T0515_hi,UNCERTAIN,CONTINUE_TESTING,0.5,"[0.000, 1.000]",0,1.0,HIGH
T0516,UNCERTAIN,CONTINUE_TESTING,0.5,"[0.000, 1.000]",0,1.0,HIGH
T0516_hi,UNCERTAIN,CONTINUE_TESTING,0.5,"[0.000, 1.000]",0,1.0,HIGH
T0509,UNCERTAIN,CONTINUE_TESTING,0.5,"[0.000, 1.000]",0,1.0,HIGH
T0509_hi,UNCERTAIN,CONTINUE_TESTING,0.5,"[0.000, 1.000]",0,1.0,HIGH
T0510,UNCERTAIN,CONTINUE_TESTING,0.5,"[0.000, 1.000]",0,1.0,HIGH
T0510_hi,UNCERTAIN,CONTINUE_TESTING,0.5,"[0.000, 1.000]",0,1.0,HIGH
T0511,UNCERTAIN,CONTINUE_TESTING,0.5,"[0.000, 1.000]",0,1.0,HIGH
T0511_hi,UNCERTAIN,CONTINUE_TESTING,0.5,"[0.000, 1.000]",0,1.0,HIGH
T0512,UNCERTAIN,CONTINUE_TESTING,0.5,"[0.000, 1.000]",0,1.0,HIGH
T0512_hi,UNCERTAIN,CONTINUE_TESTING,0.5,"[0.000, 1.000]",0,1.0,HIGH
T0505,UNCERTAIN,CONTINUE_TESTING,0.5,"[0.000, 1.000]",0,1.0,HIGH
T0505_hi,UNCERTAIN,CONTINUE_TESTING,0.5,"[0.000, 1.000]",0,1.0,HIGH
T0506,UNCERTAIN,CONTINUE_TESTING,0.5,"[0.000, 1.000]",0,1.0,HIGH
T0506_hi,UNCERTAIN,CONTINUE_TESTING,0.5,"[0.000, 1.000]",0,1.0,HIGH
T0507,UNCERTAIN,CONTINUE_TESTING,0.5,"[0.000, 1.000]",0,1.0,HIGH
T0507_hi,UNCERTAIN,CONTINUE_TESTING,0.5,"[0.000, 1.000]",0,1.0,HIGH
T0508,UNCERTAIN,CONTINUE_TESTING,0.5,"[0.000, 1.000]",0,1.0,HIGH
T0508_hi,UNCERTAIN,CONTINUE_TESTING,0.5,"[0.000, 1.000]",0,1.0,HIGH
T0501,UNCERTAIN,CONTINUE_TESTING,0.5,"[0.000, 1.000]",0,1.0,HIGH
T0501_hi,UNCERTAIN,CONTINUE_TESTING,0.5,"[0.000, 1.000]",0,1.0,HIGH
T0502,UNCERTAIN,CONTINUE_TESTING,0.5,"[0.000, 1.000]",0,1.0,HIGH
T0502_hi,UNCERTAIN,CONTINUE_TESTING,0.5,"[0.000, 1.000]",0,1.0,HIGH
T0503,UNCERTAIN,CONTINUE_TESTING,0.5,"[0.000, 1.000]",0,1.0,HIGH
T0503_hi,UNCERTAIN,CONTINUE_TESTING,0.5,"[0.000, 1.000]",0,1.0,HIGH
T0504,UNCERTAIN,CONTINUE_TESTING,0.5,"[0.000, 1.000]",0,1.0,HIGH
T0504_hi,UNCERTAIN,CONTINUE_TESTING,0.5,"[0.000, 1.000]",0,1.0,HIGH
T0529,UNCERTAIN,CONTINUE_TESTING,0.5,"[0.000, 1.000]",0,1.0,HIGH
T0529_hi,UNCERTAIN,CONTINUE_TESTING,0.5,"[0.000, 1.000]",0,1.0,HIGH
T0530,UNCERTAIN,CONTINUE_TESTING,0.5,"[0.000, 1.000]",0,1.0,HIGH
T0530_hi,UNCERTAIN,CONTINUE_TESTING,0.5,"[0.000, 1.000]",0,1.0,HIGH
T0531,UNCERTAIN,CONTINUE_TESTING,0.5,"[0.000, 1.000]",0,1.0,HIGH
T0531_hi,UNCERTAIN,CONTINUE_TESTING,0.5,"[0.000, 1.000]",0,1.0,HIGH
T0532,UNCERTAIN,CONTINUE_TESTING,0.5,"[0.000, 1.000]",0,1.0,HIGH
T0532_hi,UNCERTAIN,CONTINUE_TESTING,0.5,"[0.000, 1.000]",0,1.0,HIGH
T0525,UNCERTAIN,CONTINUE_TESTING,0.5,"[0.000, 1.000]",0,1.0,HIGH
T0525_hi,UNCERTAIN,CONTINUE_TESTING,0.5,"[0.000, 1.000]",0,1.0,HIGH
T0526,UNCERTAIN,CONTINUE_TESTING,0.5,"[0.000, 1.000]",0,1.0,HIGH
T0526_hi,UNCERTAIN,CONTINUE_TESTING,0.5,"[0.000, 1.000]",0,1.0,HIGH
T0527,UNCERTAIN,CONTINUE_TESTING,0.5,"[0.000, 1.000]",0,1.0,HIGH
T0527_hi,UNCERTAIN,CONTINUE_TESTING,0.5,"[0.000, 1.000]",0,1.0,HIGH
T0528,UNCERTAIN,CONTINUE_TESTING,0.5,"[0.000, 1.000]",0,1.0,HIGH
T0528_hi,UNCERTAIN,CONTINUE_TESTING,0.5,"[0.000, 1.000]",0,1.0,HIGH
T0521,UNCERTAIN,CONTINUE_TESTING,0.5,"[0.000, 1.000]",0,1.0,HIGH
T0521_hi,UNCERTAIN,CONTINUE_TESTING,0.5,"[0.000, 1.000]",0,1.0,HIGH
T0522,UNCERTAIN,CONTINUE_TESTING,0.5,"[0.000, 1.000]",0,1.0,HIGH
T0522_hi,UNCERTAIN,CONTINUE_TESTING,0.5,"[0.000, 1.000]",0,1.0,HIGH
T0523,UNCERTAIN,CONTINUE_TESTING,0.5,"[0.000, 1.000]",0,1.0,HIGH
T0523_hi,UNCERTAIN,CONTINUE_TESTING,0.5,"[0.000, 1.000]",0,1.0,HIGH
T0524,UNCERTAIN,CONTINUE_TESTING,0.5,"[0.000, 1.000]",0,1.0,HIGH
T0524_hi,UNCERTAIN,CONTINUE_TESTING,0.5,"[0.000, 1.000]",0,1.0,HIGH
T0517,UNCERTAIN,CONTINUE_TESTING,0.5,"[0.000, 1.000]",0,1.0,HIGH
T0517_hi,UNCERTAIN,CONTINUE_TESTING,0.5,"[0.000, 1.000]",0,1.0,HIGH
T0518,UNCERTAIN,CONTINUE_TESTING,0.5,"[0.000, 1.000]",0,1.0,HIGH
T0518_hi,UNCERTAIN,CONTINUE_TESTING,0.5,"[0.000, 1.000]",0,1.0,HIGH
T0519,UNCERTAIN,CONTINUE_TESTING,0.5,"[0.000, 1.000]",0,1.0,HIGH
T0519_hi,UNCERTAIN,CONTINUE_TESTING,0.5,"[0.000, 1.000]",0,1.0,HIGH
T0520,UNCERTAIN,CONTINUE_TESTING,0.5,"[0.000, 1.000]",0,1.0,HIGH
T0520_hi,UNCERTAIN,CONTINUE_TESTING,0.5,"[0.000, 1.000]",0,1.0,HIGH
T0545,UNCERTAIN,CONTINUE_TESTING,0.5,"[0.000, 1.000]",0,1.0,HIGH
T0545_hi,UNCERTAIN,CONTINUE_TESTING,0.5,"[0.000, 1.000]",0,1.0,HIGH
T0546,UNCERTAIN,CONTINUE_TESTING,0.5,"[0.000, 1.000]",0,1.0,HIGH
T0546_hi,UNCERTAIN,CONTINUE_TESTING,0.5,"[0.000, 1.000]",0,1.0,HIGH
T0547,UNCERTAIN,CONTINUE_TESTING,0.5,"[0.000, 1.000]",0,1.0,HIGH
T0547_hi,UNCERTAIN,CONTINUE_TESTING,0.5,"[0.000, 1.000]",0,1.0,HIGH
T0548,UNCERTAIN,CONTINUE_TESTING,0.5,"[0.000, 1.000]",0,1.0,HIGH
T0548_hi,UNCERTAIN,CONTINUE_TESTING,0.5,"[0.000, 1.000]",0,1.0,HIGH
T0541,UNCERTAIN,CONTINUE_TESTING,0.5,"[0.000, 1.000]",0,1.0,HIGH
T0541_hi,UNCERTAIN,CONTINUE_TESTING,0.5,"[0.000, 1.000]",0,1.0,HIGH
T0542,UNCERTAIN,CONTINUE_TESTING,0.5,"[0.000, 1.000]",0,1.0,HIGH
T0542_hi,UNCERTAIN,CONTINUE_TESTING,0.5,"[0.000, 1.000]",0,1.0,HIGH
T0543,UNCERTAIN,CONTINUE_TESTING,0.5,"[0.000, 1.000]",0,1.0,HIGH
T0543_hi,UNCERTAIN,CONTINUE_TESTING,0.5,"[0.000, 1.000]",0,1.0,HIGH
T0544,UNCERTAIN,CONTINUE_TESTING,0.5,"[0.000, 1.000]",0,1.0,HIGH
T0544_hi,UNCERTAIN,CONTINUE_TESTING,0.5,"[0.000, 1.000]",0,1.0,HIGH
T0537,UNCERTAIN,CONTINUE_TESTING,0.5,"[0.000, 1.000]",0,1.0,HIGH
T0537_hi,UNCERTAIN,CONTINUE_TESTING,0.5,"[0.000, 1.000]",0,1.0,HIGH
T0538,UNCERTAIN,CONTINUE_TESTING,0.5,"[0.000, 1.000]",0,1.0,HIGH
T0538_hi,UNCERTAIN,CONTINUE_TESTING,0.5,"[0.000, 1.000]",0,1.0,HIGH
T0539,UNCERTAIN,CONTINUE_TESTING,0.5,"[0.000, 1.000]",0,1.0,HIGH
T0539_hi,UNCERTAIN,CONTINUE_TESTING,0.5,"[0.000, 1.000]",0,1.0,HIGH
T0540,UNCERTAIN,CONTINUE_TESTING,0.5,"[0.000, 1.000]",0,1.0,HIGH
T0540_hi,UNCERTAIN,CONTINUE_TESTING,0.5,"[0.000, 1.000]",0,1.0,HIGH
T0533,UNCERTAIN,CONTINUE_TESTING,0.5,"[0.000, 1.000]",0,1.0,HIGH
T0533_hi,UNCERTAIN,CONTINUE_TESTING,0.5,"[0.000, 1.000]",0,1.0,HIGH
T0534,UNCERTAIN,CONTINUE_TESTING,0.5,"[0.000, 1.000]",0,1.0,HIGH
T0534_hi,UNCERTAIN,CONTINUE_TESTING,0.5,"[0.000, 1.000]",0,1.0,HIGH
T0535,UNCERTAIN,CONTINUE_TESTING,0.5,"[0.000, 1.000]",0,1.0,HIGH
T0535_hi,UNCERTAIN,CONTINUE_TESTING,0.5,"[0.000, 1.000]",0,1.0,HIGH
T0536,UNCERTAIN,CONTINUE_TESTING,0.5,"[0.000, 1.000]",0,1.0,HIGH
T0536_hi,UNCERTAIN,CONTINUE_TESTING,0.5,"[0.000, 1.000]",0,1.0,HIGH
T0561,UNCERTAIN,CONTINUE_TESTING,0.5,"[0.000, 1.000]",0,1.0,HIGH
T0561_hi,UNCERTAIN,CONTINUE_TESTING,0.5,"[0.000, 1.000]",0,1.0,HIGH
T0562,UNCERTAIN,CONTINUE_TESTING,0.5,"[0.000, 1.000]",0,1.0,HIGH
T0562_hi,UNCERTAIN,CONTINUE_TESTING,0.5,"[0.000, 1.000]",0,1.0,HIGH
T0563,UNCERTAIN,CONTINUE_TESTING,0.5,"[0.000, 1.000]",0,1.0,HIGH
T0563_hi,UNCERTAIN,CONTINUE_TESTING,0.5,"[0.000, 1.000]",0,1.0,HIGH
T0564,UNCERTAIN,CONTINUE_TESTING,0.5,"[0.000, 1.000]",0,1.0,HIGH
T0564_hi,UNCERTAIN,CONTINUE_TESTING,0.5,"[0.000, 1.000]",0,1.0,HIGH
T0557,UNCERTAIN,CONTINUE_TESTING,0.5,"[0.000, 1.000]",0,1.0,HIGH
T0557_hi,UNCERTAIN,CONTINUE_TESTING,0.5,"[0.000, 1.000]",0,1.0,HIGH
T0558,UNCERTAIN,CONTINUE_TESTING,0.5,"[0.000, 1.000]",0,1.0,HIGH
T0558_hi,UNCERTAIN,CONTINUE_TESTING,0.5,"[0.000, 1.000]",0,1.0,HIGH
T0559,UNCERTAIN,CONTINUE_TESTING,0.5,"[0.000, 1.000]",0,1.0,HIGH
T0559_hi,UNCERTAIN,CONTINUE_TESTING,0.5,"[0.000, 1.000]",0,1.0,HIGH
T0560,UNCERTAIN,CONTINUE_TESTING,0.5,"[0.000, 1.000]",0,1.0,HIGH
T0560_hi,UNCERTAIN,CONTINUE_TESTING,0.5,"[0.000, 1.000]",0,1.0,HIGH
T0553,UNCERTAIN,CONTINUE_TESTING,0.5,"[0.000, 1.000]",0,1.0,HIGH
T0553_hi,UNCERTAIN,CONTINUE_TESTING,0.5,"[0.000, 1.000]",0,1.0,HIGH
T0554,UNCERTAIN,CONTINUE_TESTING,0.5,"[0.000, 1.000]",0,1.0,HIGH
T0554_hi,UNCERTAIN,CONTINUE_TESTING,0.5,"[0.000, 1.000]",0,1.0,HIGH
T0555,UNCERTAIN,CONTINUE_TESTING,0.5,"[0.000, 1.000]",0,1.0,HIGH
T0555_hi,UNCERTAIN,CONTINUE_TESTING,0.5,"[0.000, 1.000]",0,1.0,HIGH
T0556,UNCERTAIN,CONTINUE_TESTING,0.5,"[0.000, 1.000]",0,1.0,HIGH
T0556_hi,UNCERTAIN,CONTINUE_TESTING,0.5,"[0.000, 1.000]",0,1.0,HIGH
T0549,UNCERTAIN,CONTINUE_TESTING,0.5,"[0.000, 1.000]",0,1.0,HIGH
T0549_hi,UNCERTAIN,CONTINUE_TESTING,0.5,"[0.000, 1.000]",0,1.0,HIGH
T0550,UNCERTAIN,CONTINUE_TESTING,0.5,"[0.000, 1.000]",0,1.0,HIGH
T0550_hi,UNCERTAIN,CONTINUE_TESTING,0.5,"[0.000, 1.000]",0,1.0,HIGH
T0551,UNCERTAIN,CONTINUE_TESTING,0.5,"[0.000, 1.000]",0,1.0,HIGH
T0551_hi,UNCERTAIN,CONTINUE_TESTING,0.5,"[0.000, 1.000]",0,1.0,HIGH
T0552,UNCERTAIN,CONTINUE_TESTING,0.5,"[0.000, 1.000]",0,1.0,HIGH
T0552_hi,UNCERTAIN,CONTINUE_TESTING,0.5,"[0.000, 1.000]",0,1.0,HIGH
T0577,UNCERTAIN,CONTINUE_TESTING,0.5,"[0.000, 1.000]",0,1.0,HIGH
T0577_hi,UNCERTAIN,CONTINUE_TESTING,0.5,"[0.000, 1.000]",0,1.0,HIGH
T0578,UNCERTAIN,CONTINUE_TESTING,0.5,"[0.000, 1.000]",0,1.0,HIGH
T0578_hi,UNCERTAIN,CONTINUE_TESTING,0.5,"[0.000, 1.000]",0,1.0,HIGH
T0579,UNCERTAIN,CONTINUE_TESTING,0.5,"[0.000, 1.000]",0,1.0,HIGH
T0579_hi,UNCERTAIN,CONTINUE_TESTING,0.5,"[0.000, 1.000]",0,1.0,HIGH
T0580,UNCERTAIN,CONTINUE_TESTING,0.5,"[0.000, 1.000]",0,1.0,HIGH
T0580_hi,UNCERTAIN,CONTINUE_TESTING,0.5,"[0.000, 1.000]",0,1.0,HIGH
T0573,UNCERTAIN,CONTINUE_TESTING,0.5,"[0.000, 1.000]",0,1.0,HIGH
T0573_hi,UNCERTAIN,CONTINUE_TESTING,0.5,"[0.000, 1.000]",0,1.0,HIGH
T0574,UNCERTAIN,CONTINUE_TESTING,0.5,"[0.000, 1.000]",0,1.0,HIGH
T0574_hi,UNCERTAIN,CONTINUE_TESTING,0.5,"[0.000, 1.000]",0,1.0,HIGH
T0575,UNCERTAIN,CONTINUE_TESTING,0.5,"[0.000, 1.000]",0,1.0,HIGH
T0575_hi,UNCERTAIN,CONTINUE_TESTING,0.5,"[0.000, 1.000]",0,1.0,HIGH
T0576,UNCERTAIN,CONTINUE_TESTING,0.5,"[0.000, 1.000]",0,1.0,HIGH
T0576_hi,UNCERTAIN,CONTINUE_TESTING,0.5,"[0.000, 1.000]",0,1.0,HIGH
T0569,UNCERTAIN,CONTINUE_TESTING,0.5,"[0.000, 1.000]",0,1.0,HIGH
T0569_hi,UNCERTAIN,CONTINUE_TESTING,0.5,"[0.000, 1.000]",0,1.0,HIGH
T0570,UNCERTAIN,CONTINUE_TESTING,0.5,"[0.000, 1.000]",0,1.0,HIGH
T0570_hi,UNCERTAIN,CONTINUE_TESTING,0.5,"[0.000, 1.000]",0,1.0,HIGH
T0571,UNCERTAIN,CONTINUE_TESTING,0.5,"[0.000, 1.000]",0,1.0,HIGH
T0571_hi,UNCERTAIN,CONTINUE_TESTING,0.5,"[0.000, 1.000]",0,1.0,HIGH
T0572,UNCERTAIN,CONTINUE_TESTING,0.5,"[0.000, 1.000]",0,1.0,HIGH
T0572_hi,UNCERTAIN,CONTINUE_TESTING,0.5,"[0.000, 1.000]",0,1.0,HIGH
T0565,UNCERTAIN,CONTINUE_TESTING,0.5,"[0.000, 1.000]",0,1.0,HIGH
T0565_hi,UNCERTAIN,CONTINUE_TESTING,0.5,"[0.000, 1.000]",0,1.0,HIGH
T0566,UNCERTAIN,CONTINUE_TESTING,0.5,"[0.000, 1.000]",0,1.0,HIGH
T0566_hi,UNCERTAIN,CONTINUE_TESTING,0.5,"[0.000, 1.000]",0,1.0,HIGH
T0567,UNCERTAIN,CONTINUE_TESTING,0.5,"[0.000, 1.000]",0,1.0,HIGH
T0567_hi,UNCERTAIN,CONTINUE_TESTING,0.5,"[0.000, 1.000]",0,1.0,HIGH
T0568,UNCERTAIN,CONTINUE_TESTING,0.5,"[0.000, 1.000]",0,1.0,HIGH
T0568_hi,UNCERTAIN,CONTINUE_TESTING,0.5,"[0.000, 1.000]",0,1.0,HIGH
T0593,UNCERTAIN,CONTINUE_TESTING,0.5,"[0.000, 1.000]",0,1.0,HIGH
T0593_hi,UNCERTAIN,CONTINUE_TESTING,0.5,"[0.000, 1.000]",0,1.0,HIGH
T0594,UNCERTAIN,CONTINUE_TESTING,0.5,"[0.000, 1.000]",0,1.0,HIGH
T0594_hi,UNCERTAIN,CONTINUE_TESTING,0.5,"[0.000, 1.000]",0,1.0,HIGH
T0595,UNCERTAIN,CONTINUE_TESTING,0.5,"[0.000, 1.000]",0,1.0,HIGH
T0595_hi,UNCERTAIN,CONTINUE_TESTING,0.5,"[0.000, 1.000]",0,1.0,HIGH
T0596,UNCERTAIN,CONTINUE_TESTING,0.5,"[0.000, 1.000]",0,1.0,HIGH
T0596_hi,UNCERTAIN,CONTINUE_TESTING,0.5,"[0.000, 1.000]",0,1.0,HIGH
T0589,UNCERTAIN,CONTINUE_TESTING,0.5,"[0.000, 1.000]",0,1.0,HIGH
T0589_hi,UNCERTAIN,CONTINUE_TESTING,0.5,"[0.000, 1.000]",0,1.0,HIGH
T0590,UNCERTAIN,CONTINUE_TESTING,0.5,"[0.000, 1.000]",0,1.0,HIGH
T0590_hi,UNCERTAIN,CONTINUE_TESTING,0.5,"[0.000, 1.000]",0,1.0,HIGH
T0591,UNCERTAIN,CONTINUE_TESTING,0.5,"[0.000, 1.000]",0,1.0,HIGH
T0591_hi,UNCERTAIN,CONTINUE_TESTING,0.5,"[0.000, 1.000]",0,1.0,HIGH
T0592,UNCERTAIN,CONTINUE_TESTING,0.5,"[0.000, 1.000]",0,1.0,HIGH
T0592_hi,UNCERTAIN,CONTINUE_TESTING,0.5,"[0.000, 1.000]",0,1.0,HIGH
T0585,UNCERTAIN,CONTINUE_TESTING,0.5,"[0.000, 1.000]",0,1.0,HIGH
T0585_hi,UNCERTAIN,CONTINUE_TESTING,0.5,"[0.000, 1.000]",0,1.0,HIGH
T0586,UNCERTAIN,CONTINUE_TESTING,0.5,"[0.000, 1.000]",0,1.0,HIGH
T0586_hi,UNCERTAIN,CONTINUE_TESTING,0.5,"[0.000, 1.000]",0,1.0,HIGH
T0587,UNCERTAIN,CONTINUE_TESTING,0.5,"[0.000, 1.000]",0,1.0,HIGH
T0587_hi,UNCERTAIN,CONTINUE_TESTING,0.5,"[0.000, 1.000]",0,1.0,HIGH
T0588,UNCERTAIN,CONTINUE_TESTING,0.5,"[0.000, 1.000]",0,1.0,HIGH
T0588_hi,UNCERTAIN,CONTINUE_TESTING,0.5,"[0.000, 1.000]",0,1.0,HIGH
T0581,UNCERTAIN,CONTINUE_TESTING,0.5,"[0.000, 1.000]",0,1.0,HIGH
T0581_hi,UNCERTAIN,CONTINUE_TESTING,0.5,"[0.000, 1.000]",0,1.0,HIGH
T0582,UNCERTAIN,CONTINUE_TESTING,0.5,"[0.000, 1.000]",0,1.0,HIGH
T0582_hi,UNCERTAIN,CONTINUE_TESTING,0.5,"[0.000, 1.000]",0,1.0,HIGH
T0583,UNCERTAIN,CONTINUE_TESTING,0.5,"[0.000, 1.000]",0,1.0,HIGH
T0583_hi,UNCERTAIN,CONTINUE_TESTING,0.5,"[0.000, 1.000]",0,1.0,HIGH
T0584,UNCERTAIN,CONTINUE_TESTING,0.5,"[0.000, 1.000]",0,1.0,HIGH
T0584_hi,UNCERTAIN,CONTINUE_TESTING,0.5,"[0.000, 1.000]",0,1.0,HIGH
T0625,UNCERTAIN,CONTINUE_TESTING,0.5,"[0.000, 1.000]",0,1.0,HIGH
T0625_hi,UNCERTAIN,CONTINUE_TESTING,0.5,"[0.000, 1.000]",0,1.0,HIGH
T0626,UNCERTAIN,CONTINUE_TESTING,0.5,"[0.000, 1.000]",0,1.0,HIGH
T0626_hi,UNCERTAIN,CONTINUE_TESTING,0.5,"[0.000, 1.000]",0,1.0,HIGH
T0627,UNCERTAIN,CONTINUE_TESTING,0.5,"[0.000, 1.000]",0,1.0,HIGH
T0627_hi,UNCERTAIN,CONTINUE_TESTING,0.5,"[0.000, 1.000]",0,1.0,HIGH
T0628,UNCERTAIN,CONTINUE_TESTING,0.5,"[0.000, 1.000]",0,1.0,HIGH
T0004_hi,UNCERTAIN,CONTINUE_TESTING,0.5,"[0.000, 1.000]",0,1.0,HIGH
T0621,UNCERTAIN,CONTINUE_TESTING,0.5,"[0.000, 1.000]",0,1.0,HIGH
T0621_hi,UNCERTAIN,CONTINUE_TESTING,0.5,"[0.000, 1.000]",0,1.0,HIGH
T0622,UNCERTAIN,CONTINUE_TESTING,0.5,"[0.000, 1.000]",0,1.0,HIGH
T0622_hi,UNCERTAIN,CONTINUE_TESTING,0.5,"[0.000, 1.000]",0,1.0,HIGH
T0623,UNCERTAIN,CONTINUE_TESTING,0.5,"[0.000, 1.000]",0,1.0,HIGH
T0623_hi,UNCERTAIN,CONTINUE_TESTING,0.5,"[0.000, 1.000]",0,1.0,HIGH
T0624,UNCERTAIN,CONTINUE_TESTING,0.5,"[0.000, 1.000]",0,1.0,HIGH
T0624_hi,UNCERTAIN,CONTINUE_TESTING,0.5,"[0.000, 1.000]",0,1.0,HIGH
T0617,UNCERTAIN,CONTINUE_TESTING,0.5,"[0.000, 1.000]",0,1.0,HIGH
T0617_hi,UNCERTAIN,CONTINUE_TESTING,0.5,"[0.000, 1.000]",0,1.0,HIGH
T0618,UNCERTAIN,CONTINUE_TESTING,0.5,"[0.000, 1.000]",0,1.0,HIGH
T0618_hi,UNCERTAIN,CONTINUE_TESTING,0.5,"[0.000, 1.000]",0,1.0,HIGH
T0619,UNCERTAIN,CONTINUE_TESTING,0.5,"[0.000, 1.000]",0,1.0,HIGH
T0619_hi,UNCERTAIN,CONTINUE_TESTING,0.5,"[0.000, 1.000]",0,1.0,HIGH
T0620,UNCERTAIN,CONTINUE_TESTING,0.5,"[0.000, 1.000]",0,1.0,HIGH
T0620_hi,UNCERTAIN,CONTINUE_TESTING,0.5,"[0.000, 1.000]",0,1.0,HIGH
T0613,UNCERTAIN,CONTINUE_TESTING,0.5,"[0.000, 1.000]",0,1.0,HIGH
T0613_hi,UNCERTAIN,CONTINUE_TESTING,0.5,"[0.000, 1.000]",0,1.0,HIGH
T0614,UNCERTAIN,CONTINUE_TESTING,0.5,"[0.000, 1.000]",0,1.0,HIGH
T0614_hi,UNCERTAIN,CONTINUE_TESTING,0.5,"[0.000, 1.000]",0,1.0,HIGH
T0615,UNCERTAIN,CONTINUE_TESTING,0.5,"[0.000, 1.000]",0,1.0,HIGH
T0615_hi,UNCERTAIN,CONTINUE_TESTING,0.5,"[0.000, 1.000]",0,1.0,HIGH
T0616,UNCERTAIN,CONTINUE_TESTING,0.5,"[0.000, 1.000]",0,1.0,HIGH
T0616_hi,UNCERTAIN,CONTINUE_TESTING,0.5,"[0.000, 1.000]",0,1.0,HIGH
T0017_hi,UNCERTAIN,CONTINUE_TESTING,0.5,"[0.000, 1.000]",0,1.0,HIGH
T0018_hi,UNCERTAIN,CONTINUE_TESTING,0.5,"[0.000, 1.000]",0,1.0,HIGH
T0019_hi,UNCERTAIN,CONTINUE_TESTING,0.5,"[0.000, 1.000]",0,1.0,HIGH
T0020_hi,UNCERTAIN,CONTINUE_TESTING,0.5,"[0.000, 1.000]",0,1.0,HIGH
T0013_hi,UNCERTAIN,CONTINUE_TESTING,0.5,"[0.000, 1.000]",0,1.0,HIGH
T0014_hi,UNCERTAIN,CONTINUE_TESTING,0.5,"[0.000, 1.000]",0,1.0,HIGH
T0015_hi,UNCERTAIN,CONTINUE_TESTING,0.5,"[0.000, 1.000]",0,1.0,HIGH
T0016_hi,UNCERTAIN,CONTINUE_TESTING,0.5,"[0.000, 1.000]",0,1.0,HIGH
T0009_hi,UNCERTAIN,CONTINUE_TESTING,0.5,"[0.000, 1.000]",0,1.0,HIGH
T0010_hi,UNCERTAIN,CONTINUE_TESTING,0.5,"[0.000, 1.000]",0,1.0,HIGH
T0011_hi,UNCERTAIN,CONTINUE_TESTING,0.5,"[0.000, 1.000]",0,1.0,HIGH
T0012_hi,UNCERTAIN,CONTINUE_TESTING,0.5,"[0.000, 1.000]",0,1.0,HIGH
T0005_hi,UNCERTAIN,CONTINUE_TESTING,0.5,"[0.000, 1.000]",0,1.0,HIGH
T0006_hi,UNCERTAIN,CONTINUE_TESTING,0.5,"[0.000, 1.000]",0,1.0,HIGH
T0007_hi,UNCERTAIN,CONTINUE_TESTING,0.5,"[0.000, 1.000]",0,1.0,HIGH
T0008_hi,UNCERTAIN,CONTINUE_TESTING,0.5,"[0.000, 1.000]",0,1.0,HIGH
T0015,WINNER,PROMOTE,0.22124542124542124,"[0.200, 0.244]",1363,0.04401217772130214,LOW
T0039,WINNER,PROMOTE,0.20177267987486966,"[0.184, 0.220]",1916,0.03590405886309281,LOW
T0011,WINNER,PROMOTE,0.19269521410579346,"[0.174, 0.212]",1586,0.038775245810899805,LOW
T0003,UNCERTAIN,CONTINUE_TESTING,0.16813450760608487,"[0.148, 0.189]",1247,0.04144850363475,LOW
T0030,UNCERTAIN,CONTINUE_TESTING,0.1660958904109589,"[0.149, 0.184]",1750,0.03483392995746881,LOW
T0001,UNCERTAIN,CONTINUE_TESTING,0.13804173354735153,"[0.112, 0.166]",621,0.05407774540914752,LOW
T0038,UNCERTAIN,CONTINUE_TESTING,0.13664596273291926,"[0.117, 0.157]",1125,0.04006675234876189,LOW
T0034,UNCERTAIN,CONTINUE_TESTING,0.13503184713375796,"[0.112, 0.160]",783,0.04774715526888243,LOW
T0016,UNCERTAIN,CONTINUE_TESTING,0.13443396226415094,"[0.119, 0.151]",1694,0.03244776311264656,LOW
T0007,UNCERTAIN,CONTINUE_TESTING,0.1301620491374804,"[0.115, 0.146]",1911,0.03013870163015167,LOW
T0040,UNCERTAIN,CONTINUE_TESTING,0.1286549707602339,"[0.109, 0.150]",1024,0.0409288636939943,LOW
T0045,UNCERTAIN,CONTINUE_TESTING,0.1234887737478411,"[0.105, 0.143]",1156,0.03785975412161373,LOW
T0029,UNCERTAIN,CONTINUE_TESTING,0.12252252252252252,"[0.097, 0.151]",553,0.05444262274956509,LOW
T0025,UNCERTAIN,CONTINUE_TESTING,0.12168141592920353,"[0.101, 0.144]",902,0.04256625924630411,LOW
T0048,UNCERTAIN,CONTINUE_TESTING,0.1193004372267333,"[0.104, 0.136]",1599,0.03173171033028939,LOW
T0024,UNCERTAIN,CONTINUE_TESTING,0.11811652035115722,"[0.101, 0.137]",1251,0.03570649692223159,LOW
T0005,UNCERTAIN,CONTINUE_TESTING,0.11685823754789272,"[0.091, 0.146]",520,0.054989917877830474,LOW
T0023,UNCERTAIN,CONTINUE_TESTING,0.11351667641895846,"[0.099, 0.129]",1707,0.03005795597818617,LOW
T0028,UNCERTAIN,CONTINUE_TESTING,0.09643605870020965,"[0.079, 0.116]",952,0.03740949671138681,LOW
T0021,UNCERTAIN,CONTINUE_TESTING,0.09497591190640055,"[0.080, 0.111]",1451,0.030121036834319936,LOW
T0020,UNCERTAIN,CONTINUE_TESTING,0.09464196294441662,"[0.082, 0.108]",1995,0.025659042462113688,LOW
T0008,UNCERTAIN,CONTINUE_TESTING,0.09200603318250378,"[0.071, 0.115]",661,0.043908580231131145,LOW
T0041,UNCERTAIN,CONTINUE_TESTING,0.09177489177489177,"[0.076, 0.109]",1153,0.03325947945961252,LOW
T0017,UNCERTAIN,CONTINUE_TESTING,0.08982826948480846,"[0.076, 0.105]",1512,0.028778806291144876,LOW
T0018,UNCERTAIN,CONTINUE_TESTING,0.08743455497382199,"[0.075, 0.101]",1908,0.02531648787914309,LOW
T0014,UNCERTAIN,CONTINUE_TESTING,0.08720596672403902,"[0.074, 0.101]",1741,0.026468235906445134,LOW
T0026,UNCERTAIN,CONTINUE_TESTING,0.08650190114068441,"[0.070, 0.104]",1050,0.03392586572088373,LOW
T0013,UNCERTAIN,CONTINUE_TESTING,0.08575803981623277,"[0.071, 0.102]",1304,0.03033775178446603,LOW
T0033,UNCERTAIN,CONTINUE_TESTING,0.08553157474020784,"[0.071, 0.102]",1249,0.03095875062869896,LOW
T0042,UNCERTAIN,CONTINUE_TESTING,0.08550185873605948,"[0.070, 0.103]",1074,0.03336982933116189,LOW
T0022,UNCERTAIN,CONTINUE_TESTING,0.08350622406639004,"[0.072, 0.096]",1926,0.024677992248079275,LOW
T0004,UNCERTAIN,CONTINUE_TESTING,0.08293351610692255,"[0.069, 0.098]",1457,0.028272615413483818,LOW
T0019,UNCERTAIN,CONTINUE_TESTING,0.05478260869565217,"[0.042, 0.069]",1148,0.026256843306745485,LOW
T0012,UNCERTAIN,CONTINUE_TESTING,0.05166051660516605,"[0.035, 0.072]",540,0.037121515983785075,LOW
T0002,UNCERTAIN,CONTINUE_TESTING,0.044059795436664044,"[0.033, 0.056]",1269,0.022522132555488128,LOW
T0006,UNCERTAIN,CONTINUE_TESTING,0.04288777698355969,"[0.033, 0.054]",1397,0.02119552804743826,LOW
T0047,UNCERTAIN,CONTINUE_TESTING,0.03842264914054601,"[0.027, 0.051]",987,0.023892952995763606,LOW
T0036,LOSER,SUPPRESS,0.03507014028056112,"[0.025, 0.047]",996,0.02275885245745334,LOW
T0010,LOSER,SUPPRESS,0.034482758620689655,"[0.026, 0.044]",1564,0.01803993824434112,LOW
T0009,LOSER,SUPPRESS,0.033877038895859475,"[0.022, 0.047]",795,0.025024802252825187,LOW
T0035,LOSER,SUPPRESS,0.032818532818532815,"[0.019, 0.050]",516,0.03050225458451622,LOW
T0031,LOSER,SUPPRESS,0.03139810426540284,"[0.024, 0.040]",1686,0.016606722062968746,LOW
T0043,LOSER,SUPPRESS,0.030585106382978722,"[0.022, 0.040]",1502,0.017366365204118384,LOW
T0046,LOSER,SUPPRESS,0.03026634382566586,"[0.023, 0.039]",1650,0.016489277265695608,LOW
T0032,LOSER,SUPPRESS,0.0297339593114241,"[0.023, 0.038]",1915,0.015179954901051035,LOW
T0044,LOSER,SUPPRESS,0.02902757619738752,"[0.021, 0.039]",1376,0.017683660430964174,LOW
T0027,LOSER,SUPPRESS,0.028795811518324606,"[0.018, 0.042]",762,0.02360900860207805,LOW
T0037,LOSER,SUPPRESS,0.023131672597864767,"[0.017, 0.031]",1684,0.014314706611810366,LOW
