template_id,current_ctr,recommendations,priority
TPL_0001,,Shorten message (< 15 words); Increase positive sentiment,LOW
TPL_0002,,Increase positive sentiment,LOW
TPL_0003,,"Add engagement keywords (streak, coins, etc.)",LOW
TPL_0004,,Increase positive sentiment,LOW
TPL_0005,,Template is well-optimized,LOW
TPL_0006,,"Add engagement keywords (streak, coins, etc.); Add personalization (your, you)",LOW
TPL_0007,,"Add engagement keywords (streak, coins, etc.); Add personalization (your, you)",LOW
TPL_0008,,Template is well-optimized,LOW
TPL_0009,,Template is well-optimized,LOW
TPL_0010,,"Add personalization (your, you)",LOW
TPL_0011,,"Add engagement keywords (streak, coins, etc.); Add personalization (your, you)",LOW
TPL_0012,,"Add engagement keywords (streak, coins, etc.); Add personalization (your, you)",LOW
TPL_0013,,Template is well-optimized,LOW
TPL_0014,,Template is well-optimized,LOW
TPL_0015,,"Add personalization (your, you)",LOW
TPL_0016,,"Add engagement keywords (streak, coins, etc.); Add personalization (your, you)",LOW
TPL_0017,,"Add engagement keywords (streak, coins, etc.); Add personalization (your, you)",LOW
TPL_0018,,Template is well-optimized,LOW
TPL_0019,,"Add engagement keywords (streak, coins, etc.)",LOW
TPL_0020,,Template is well-optimized,LOW
TPL_0021,,Template is well-optimized,LOW
TPL_0022,,Template is well-optimized,LOW
TPL_0023,,"Add personalization (your, you)",LOW
TPL_0024,,"Add engagement keywords (streak, coins, etc.)",LOW
TPL_0025,,Template is well-optimized,LOW
TPL_0026,,Template is well-optimized,LOW
TPL_0027,,Template is well-optimized,LOW
TPL_0028,,Template is well-optimized,LOW
TPL_0029,,Template is well-optimized,LOW
TPL_0030,,"Add engagement keywords (streak, coins, etc.)",LOW
TPL_0031,,Template is well-optimized,LOW
TPL_0032,,Template is well-optimized,LOW
TPL_0033,,"Add personalization (your, you)",LOW
TPL_0034,,"Add engagement keywords (streak, coins, etc.)",LOW
TPL_0035,,Template is well-optimized,LOW
TPL_0036,,Template is well-optimized,LOW
TPL_0037,,Template is well-optimized,LOW
TPL_0038,,Template is well-optimized,LOW
TPL_0039,,Template is well-optimized,LOW
TPL_0040,,"Add engagement keywords (streak, coins, etc.)",LOW
TPL_0041,,Template is well-optimized,LOW
TPL_0042,,Template is well-optimized,LOW
TPL_0043,,"Add personalization (your, you)",LOW
TPL_0044,,"Add engagement keywords (streak, coins, etc.)",LOW
TPL_0045,,Template is well-optimized,LOW
TPL_0046,,Template is well-optimized,LOW
TPL_0047,,Template is well-optimized,LOW
TPL_0048,,Template is well-optimized,LOW
TPL_0049,,Template is well-optimized,LOW
TPL_0050,,"Add engagement keywords (streak, coins, etc.)",LOW
TPL_0051,,"Add engagement keywords (streak, coins, etc.); Add personalization (your, you)",LOW
TPL_0052,,"Add engagement keywords (streak, coins, etc.); Add personalization (your, you)",LOW
TPL_0053,,Template is well-optimized,LOW
TPL_0054,,Template is well-optimized,LOW
TPL_0055,,"Add personalization (your, you)",LOW
TPL_0056,,Template is well-optimized,LOW
TPL_0057,,Template is well-optimized,LOW
TPL_0058,,"Add personalization (your, you)",LOW
TPL_0059,,"Add engagement keywords (streak, coins, etc.)",LOW
TPL_0060,,Template is well-optimized,LOW
TPL_0061,,"Add engagement keywords (streak, coins, etc.); Add personalization (your, you)",LOW
TPL_0062,,"Add engagement keywords (streak, coins, etc.); Add personalization (your, you)",LOW
TPL_0063,,Template is well-optimized,LOW
TPL_0064,,Template is well-optimized,LOW
TPL_0065,,"Add personalization (your, you)",LOW
TPL_0066,,Template is well-optimized,LOW
TPL_0067,,Template is well-optimized,LOW
TPL_0068,,"Add personalization (your, you)",LOW
TPL_0069,,"Add engagement keywords (streak, coins, etc.)",LOW
TPL_0070,,Template is well-optimized,LOW
TPL_0071,,"Add engagement keywords (streak, coins, etc.); Add personalization (your, you)",LOW
TPL_0072,,"Add engagement keywords (streak, coins, etc.); Add personalization (your, you)",LOW
TPL_0073,,Template is well-optimized,LOW
TPL_0074,,Template is well-optimized,LOW
TPL_0075,,"Add personalization (your, you)",LOW
TPL_0076,,Template is well-optimized,LOW
TPL_0077,,Template is well-optimized,LOW
TPL_0078,,"Add personalization (your, you)",LOW
TPL_0079,,"Add engagement keywords (streak, coins, etc.)",LOW
TPL_0080,,Template is well-optimized,LOW
TPL_0081,,"Add engagement keywords (streak, coins, etc.); Add personalization (your, you)",LOW
TPL_0082,,"Add engagement keywords (streak, coins, etc.); Add personalization (your, you)",LOW
TPL_0083,,Template is well-optimized,LOW
TPL_0084,,Template is well-optimized,LOW
TPL_0085,,"Add personalization (your, you)",LOW
TPL_0086,,Template is well-optimized,LOW
TPL_0087,,Template is well-optimized,LOW
TPL_0088,,"Add personalization (your, you)",LOW
TPL_0089,,"Add engagement keywords (streak, coins, etc.)",LOW
TPL_0090,,Template is well-optimized,LOW
TPL_0091,,Shorten message (< 15 words); Increase positive sentiment,LOW
TPL_0092,,Increase positive sentiment,LOW
TPL_0093,,"Add engagement keywords (streak, coins, etc.)",LOW
TPL_0094,,Increase positive sentiment,LOW
TPL_0095,,Template is well-optimized,LOW
TPL_0096,,"Add engagement keywords (streak, coins, etc.); Add personalization (your, you)",LOW
TPL_0097,,"Add engagement keywords (streak, coins, etc.); Add personalization (your, you)",LOW
TPL_0098,,Template is well-optimized,LOW
TPL_0099,,Template is well-optimized,LOW
TPL_0100,,"Add personalization (your, you)",LOW
TPL_0101,,"Add engagement keywords (streak, coins, etc.); Add personalization (your, you)",LOW
TPL_0102,,"Add engagement keywords (streak, coins, etc.); Add personalization (your, you)",LOW
TPL_0103,,Template is well-optimized,LOW
TPL_0104,,Template is well-optimized,LOW
TPL_0105,,"Add personalization (your, you)",LOW
TPL_0106,,"Add engagement keywords (streak, coins, etc.); Add personalization (your, you)",LOW
TPL_0107,,"Add engagement keywords (streak, coins, etc.); Add personalization (your, you)",LOW
TPL_0108,,Template is well-optimized,LOW
TPL_0109,,"Add engagement keywords (streak, coins, etc.)",LOW
TPL_0110,,Template is well-optimized,LOW
TPL_0111,,Template is well-optimized,LOW
TPL_0112,,Template is well-optimized,LOW
TPL_0113,,"Add personalization (your, you)",LOW
TPL_0114,,"Add engagement keywords (streak, coins, etc.)",LOW
TPL_0115,,Template is well-optimized,LOW
TPL_0116,,Template is well-optimized,LOW
TPL_0117,,Template is well-optimized,LOW
TPL_0118,,Template is well-optimized,LOW
TPL_0119,,Template is well-optimized,LOW
TPL_0120,,"Add engagement keywords (streak, coins, etc.)",LOW
TPL_0121,,Template is well-optimized,LOW
TPL_0122,,Template is well-optimized,LOW
TPL_0123,,"Add personalization (your, you)",LOW
TPL_0124,,"Add engagement keywords (streak, coins, etc.)",LOW
TPL_0125,,Template is well-optimized,LOW
TPL_0126,,Template is well-optimized,LOW
TPL_0127,,Template is well-optimized,LOW
TPL_0128,,Template is well-optimized,LOW
TPL_0129,,Template is well-optimized,LOW
TPL_0130,,"Add engagement keywords (streak, coins, etc.)",LOW
TPL_0131,,Template is well-optimized,LOW
TPL_0132,,Template is well-optimized,LOW
TPL_0133,,"Add personalization (your, you)",LOW
TPL_0134,,"Add engagement keywords (streak, coins, etc.)",LOW
TPL_0135,,Template is well-optimized,LOW
TPL_0136,,Template is well-optimized,LOW
TPL_0137,,Template is well-optimized,LOW
TPL_0138,,Template is well-optimized,LOW
TPL_0139,,Template is well-optimized,LOW
TPL_0140,,"Add engagement keywords (streak, coins, etc.)",LOW
TPL_0141,,"Add engagement keywords (streak, coins, etc.); Add personalization (your, you)",LOW
TPL_0142,,"Add engagement keywords (streak, coins, etc.); Add personalization (your, you)",LOW
TPL_0143,,Template is well-optimized,LOW
TPL_0144,,Template is well-optimized,LOW
TPL_0145,,"Add personalization (your, you)",LOW
TPL_0146,,Template is well-optimized,LOW
TPL_0147,,Template is well-optimized,LOW
TPL_0148,,"Add personalization (your, you)",LOW
TPL_0149,,"Add engagement keywords (streak, coins, etc.)",LOW
TPL_0150,,Template is well-optimized,LOW
TPL_0151,,"Add engagement keywords (streak, coins, etc.); Add personalization (your, you)",LOW
TPL_0152,,"Add engagement keywords (streak, coins, etc.); Add personalization (your, you)",LOW
TPL_0153,,Template is well-optimized,LOW
TPL_0154,,Template is well-optimized,LOW
TPL_0155,,"Add personalization (your, you)",LOW
TPL_0156,,Template is well-optimized,LOW
TPL_0157,,Template is well-optimized,LOW
TPL_0158,,"Add personalization (your, you)",LOW
TPL_0159,,"Add engagement keywords (streak, coins, etc.)",LOW
TPL_0160,,Template is well-optimized,LOW
TPL_0161,,"Add engagement keywords (streak, coins, etc.); Add personalization (your, you)",LOW
TPL_0162,,"Add engagement keywords (streak, coins, etc.); Add personalization (your, you)",LOW
TPL_0163,,Template is well-optimized,LOW
TPL_0164,,Template is well-optimized,LOW
TPL_0165,,"Add personalization (your, you)",LOW
TPL_0166,,Template is well-optimized,LOW
TPL_0167,,Template is well-optimized,LOW
TPL_0168,,"Add personalization (your, you)",LOW
TPL_0169,,"Add engagement keywords (streak, coins, etc.)",LOW
TPL_0170,,Template is well-optimized,LOW
TPL_0171,,"Add engagement keywords (streak, coins, etc.); Add personalization (your, you)",LOW
TPL_0172,,"Add engagement keywords (streak, coins, etc.); Add personalization (your, you)",LOW
TPL_0173,,Template is well-optimized,LOW
TPL_0174,,Template is well-optimized,LOW
TPL_0175,,"Add personalization (your, you)",LOW
TPL_0176,,Template is well-optimized,LOW
TPL_0177,,Template is well-optimized,LOW
TPL_0178,,"Add personalization (your, you)",LOW
TPL_0179,,"Add engagement keywords (streak, coins, etc.)",LOW
TPL_0180,,Template is well-optimized,LOW
TPL_0181,,Shorten message (< 15 words); Increase positive sentiment,LOW
TPL_0182,,Increase positive sentiment,LOW
TPL_0183,,"Add engagement keywords (streak, coins, etc.)",LOW
TPL_0184,,Increase positive sentiment,LOW
TPL_0185,,Template is well-optimized,LOW
TPL_0186,,"Add engagement keywords (streak, coins, etc.); Add personalization (your, you)",LOW
TPL_0187,,"Add engagement keywords (streak, coins, etc.); Add personalization (your, you)",LOW
TPL_0188,,Template is well-optimized,LOW
TPL_0189,,Template is well-optimized,LOW
TPL_0190,,"Add personalization (your, you)",LOW
TPL_0191,,"Add engagement keywords (streak, coins, etc.); Add personalization (your, you)",LOW
TPL_0192,,"Add engagement keywords (streak, coins, etc.); Add personalization (your, you)",LOW
TPL_0193,,Template is well-optimized,LOW
TPL_0194,,Template is well-optimized,LOW
TPL_0195,,"Add personalization (your, you)",LOW
TPL_0196,,"Add engagement keywords (streak, coins, etc.); Add personalization (your, you)",LOW
TPL_0197,,"Add engagement keywords (streak, coins, etc.); Add personalization (your, you)",LOW
TPL_0198,,Template is well-optimized,LOW
TPL_0199,,"Add engagement keywords (streak, coins, etc.)",LOW
TPL_0200,,Template is well-optimized,LOW
TPL_0201,,Template is well-optimized,LOW
TPL_0202,,Template is well-optimized,LOW
TPL_0203,,"Add personalization (your, you)",LOW
TPL_0204,,"Add engagement keywords (streak, coins, etc.)",LOW
TPL_0205,,Template is well-optimized,LOW
TPL_0206,,Template is well-optimized,LOW
TPL_0207,,Template is well-optimized,LOW
TPL_0208,,Template is well-optimized,LOW
TPL_0209,,Template is well-optimized,LOW
TPL_0210,,"Add engagement keywords (streak, coins, etc.)",LOW
TPL_0211,,Template is well-optimized,LOW
TPL_0212,,Template is well-optimized,LOW
TPL_0213,,"Add personalization (your, you)",LOW
TPL_0214,,"Add engagement keywords (streak, coins, etc.)",LOW
TPL_0215,,Template is well-optimized,LOW
TPL_0216,,Template is well-optimized,LOW
TPL_0217,,Template is well-optimized,LOW
TPL_0218,,Template is well-optimized,LOW
TPL_0219,,Template is well-optimized,LOW
TPL_0220,,"Add engagement keywords (streak, coins, etc.)",LOW
TPL_0221,,Template is well-optimized,LOW
TPL_0222,,Template is well-optimized,LOW
TPL_0223,,"Add personalization (your, you)",LOW
TPL_0224,,"Add engagement keywords (streak, coins, etc.)",LOW
TPL_0225,,Template is well-optimized,LOW
TPL_0226,,Template is well-optimized,LOW
TPL_0227,,Template is well-optimized,LOW
TPL_0228,,Template is well-optimized,LOW
TPL_0229,,Template is well-optimized,LOW
TPL_0230,,"Add engagement keywords (streak, coins, etc.)",LOW
TPL_0231,,"Add engagement keywords (streak, coins, etc.); Add personalization (your, you)",LOW
TPL_0232,,"Add engagement keywords (streak, coins, etc.); Add personalization (your, you)",LOW
TPL_0233,,Template is well-optimized,LOW
TPL_0234,,Template is well-optimized,LOW
TPL_0235,,"Add personalization (your, you)",LOW
TPL_0236,,Template is well-optimized,LOW
TPL_0237,,Template is well-optimized,LOW
TPL_0238,,"Add personalization (your, you)",LOW
TPL_0239,,"Add engagement keywords (streak, coins, etc.)",LOW
TPL_0240,,Template is well-optimized,LOW
TPL_0241,,"Add engagement keywords (streak, coins, etc.); Add personalization (your, you)",LOW
TPL_0242,,"Add engagement keywords (streak, coins, etc.); Add personalization (your, you)",LOW
TPL_0243,,Template is well-optimized,LOW
TPL_0244,,Template is well-optimized,LOW
TPL_0245,,"Add personalization (your, you)",LOW
TPL_0246,,Template is well-optimized,LOW
TPL_0247,,Template is well-optimized,LOW
TPL_0248,,"Add personalization (your, you)",LOW
TPL_0249,,"Add engagement keywords (streak, coins, etc.)",LOW
TPL_0250,,Template is well-optimized,LOW
TPL_0251,,"Add engagement keywords (streak, coins, etc.); Add personalization (your, you)",LOW
TPL_0252,,"Add engagement keywords (streak, coins, etc.); Add personalization (your, you)",LOW
TPL_0253,,Template is well-optimized,LOW
TPL_0254,,Template is well-optimized,LOW
TPL_0255,,"Add personalization (your, you)",LOW
TPL_0256,,Template is well-optimized,LOW
TPL_0257,,Template is well-optimized,LOW
TPL_0258,,"Add personalization (your, you)",LOW
TPL_0259,,"Add engagement keywords (streak, coins, etc.)",LOW
TPL_0260,,Template is well-optimized,LOW
TPL_0261,,"Add engagement keywords (streak, coins, etc.); Add personalization (your, you)",LOW
TPL_0262,,"Add engagement keywords (streak, coins, etc.); Add personalization (your, you)",LOW
TPL_0263,,Template is well-optimized,LOW
TPL_0264,,Template is well-optimized,LOW
TPL_0265,,"Add personalization (your, you)",LOW
TPL_0266,,Template is well-optimized,LOW
TPL_0267,,Template is well-optimized,LOW
TPL_0268,,"Add personalization (your, you)",LOW
TPL_0269,,"Add engagement keywords (streak, coins, etc.)",LOW
TPL_0270,,Template is well-optimized,LOW
TPL_0271,,Shorten message (< 15 words); Increase positive sentiment,LOW
TPL_0272,,Increase positive sentiment,LOW
TPL_0273,,"Add engagement keywords (streak, coins, etc.)",LOW
TPL_0274,,Increase positive sentiment,LOW
TPL_0275,,Template is well-optimized,LOW
TPL_0276,,"Add engagement keywords (streak, coins, etc.); Add personalization (your, you)",LOW
TPL_0277,,"Add engagement keywords (streak, coins, etc.); Add personalization (your, you)",LOW
TPL_0278,,Template is well-optimized,LOW
TPL_0279,,Template is well-optimized,LOW
TPL_0280,,"Add personalization (your, you)",LOW
TPL_0281,,"Add engagement keywords (streak, coins, etc.); Add personalization (your, you)",LOW
TPL_0282,,"Add engagement keywords (streak, coins, etc.); Add personalization (your, you)",LOW
TPL_0283,,Template is well-optimized,LOW
TPL_0284,,Template is well-optimized,LOW
TPL_0285,,"Add personalization (your, you)",LOW
TPL_0286,,"Add engagement keywords (streak, coins, etc.); Add personalization (your, you)",LOW
TPL_0287,,"Add engagement keywords (streak, coins, etc.); Add personalization (your, you)",LOW
TPL_0288,,Template is well-optimized,LOW
TPL_0289,,"Add engagement keywords (streak, coins, etc.)",LOW
TPL_0290,,Template is well-optimized,LOW
TPL_0291,,Template is well-optimized,LOW
TPL_0292,,Template is well-optimized,LOW
TPL_0293,,"Add personalization (your, you)",LOW
TPL_0294,,"Add engagement keywords (streak, coins, etc.)",LOW
TPL_0295,,Template is well-optimized,LOW
TPL_0296,,Template is well-optimized,LOW
TPL_0297,,Template is well-optimized,LOW
TPL_0298,,Template is well-optimized,LOW
TPL_0299,,Template is well-optimized,LOW
TPL_0300,,"Add engagement keywords (streak, coins, etc.)",LOW
TPL_0301,,Template is well-optimized,LOW
TPL_0302,,Template is well-optimized,LOW
TPL_0303,,"Add personalization (your, you)",LOW
TPL_0304,,"Add engagement keywords (streak, coins, etc.)",LOW
TPL_0305,,Template is well-optimized,LOW
TPL_0306,,Template is well-optimized,LOW
TPL_0307,,Template is well-optimized,LOW
TPL_0308,,Template is well-optimized,LOW
TPL_0309,,Template is well-optimized,LOW
TPL_0310,,"Add engagement keywords (streak, coins, etc.)",LOW
TPL_0311,,Template is well-optimized,LOW
TPL_0312,,Template is well-optimized,LOW
TPL_0313,,"Add personalization (your, you)",LOW
TPL_0314,,"Add engagement keywords (streak, coins, etc.)",LOW
TPL_0315,,Template is well-optimized,LOW
TPL_0316,,Template is well-optimized,LOW
TPL_0317,,Template is well-optimized,LOW
TPL_0318,,Template is well-optimized,LOW
TPL_0319,,Template is well-optimized,LOW
TPL_0320,,"Add engagement keywords (streak, coins, etc.)",LOW
TPL_0321,,"Add engagement keywords (streak, coins, etc.); Add personalization (your, you)",LOW
TPL_0322,,"Add engagement keywords (streak, coins, etc.); Add personalization (your, you)",LOW
TPL_0323,,Template is well-optimized,LOW
TPL_0324,,Template is well-optimized,LOW
TPL_0325,,"Add personalization (your, you)",LOW
TPL_0326,,Template is well-optimized,LOW
TPL_0327,,Template is well-optimized,LOW
TPL_0328,,"Add personalization (your, you)",LOW
TPL_0329,,"Add engagement keywords (streak, coins, etc.)",LOW
TPL_0330,,Template is well-optimized,LOW
TPL_0331,,"Add engagement keywords (streak, coins, etc.); Add personalization (your, you)",LOW
TPL_0332,,"Add engagement keywords (streak, coins, etc.); Add personalization (your, you)",LOW
TPL_0333,,Template is well-optimized,LOW
TPL_0334,,Template is well-optimized,LOW
TPL_0335,,"Add personalization (your, you)",LOW
TPL_0336,,Template is well-optimized,LOW
TPL_0337,,Template is well-optimized,LOW
TPL_0338,,"Add personalization (your, you)",LOW
TPL_0339,,"Add engagement keywords (streak, coins, etc.)",LOW
TPL_0340,,Template is well-optimized,LOW
TPL_0341,,"Add engagement keywords (streak, coins, etc.); Add personalization (your, you)",LOW
TPL_0342,,"Add engagement keywords (streak, coins, etc.); Add personalization (your, you)",LOW
TPL_0343,,Template is well-optimized,LOW
TPL_0344,,Template is well-optimized,LOW
TPL_0345,,"Add personalization (your, you)",LOW
TPL_0346,,Template is well-optimized,LOW
TPL_0347,,Template is well-optimized,LOW
TPL_0348,,"Add personalization (your, you)",LOW
TPL_0349,,"Add engagement keywords (streak, coins, etc.)",LOW
TPL_0350,,Template is well-optimized,LOW
TPL_0351,,"Add engagement keywords (streak, coins, etc.); Add personalization (your, you)",LOW
TPL_0352,,"Add engagement keywords (streak, coins, etc.); Add personalization (your, you)",LOW
TPL_0353,,Template is well-optimized,LOW
TPL_0354,,Template is well-optimized,LOW
TPL_0355,,"Add personalization (your, you)",LOW
TPL_0356,,Template is well-optimized,LOW
TPL_0357,,Template is well-optimized,LOW
TPL_0358,,"Add personalization (your, you)",LOW
TPL_0359,,"Add engagement keywords (streak, coins, etc.)",LOW
TPL_0360,,Template is well-optimized,LOW
TPL_0361,,Shorten message (< 15 words); Increase positive sentiment,LOW
TPL_0362,,Increase positive sentiment,LOW
TPL_0363,,"Add engagement keywords (streak, coins, etc.)",LOW
TPL_0364,,Increase positive sentiment,LOW
TPL_0365,,Template is well-optimized,LOW
TPL_0366,,Template is well-optimized,LOW
TPL_0367,,"Add personalization (your, you)",LOW
TPL_0368,,Template is well-optimized,LOW
TPL_0369,,Template is well-optimized,LOW
TPL_0370,,"Increase positive sentiment; Add engagement keywords (streak, coins, etc.)",LOW
TPL_0371,,Shorten message (< 15 words); Increase positive sentiment,LOW
TPL_0372,,Increase positive sentiment,LOW
TPL_0373,,"Add engagement keywords (streak, coins, etc.)",LOW
TPL_0374,,Increase positive sentiment,LOW
TPL_0375,,Template is well-optimized,LOW
TPL_0376,,Template is well-optimized,LOW
TPL_0377,,"Add personalization (your, you)",LOW
TPL_0378,,Template is well-optimized,LOW
TPL_0379,,Template is well-optimized,LOW
TPL_0380,,"Increase positive sentiment; Add engagement keywords (streak, coins, etc.)",LOW
TPL_0381,,Shorten message (< 15 words); Increase positive sentiment,LOW
TPL_0382,,Increase positive sentiment,LOW
TPL_0383,,"Add engagement keywords (streak, coins, etc.)",LOW
TPL_0384,,Increase positive sentiment,LOW
TPL_0385,,Template is well-optimized,LOW
TPL_0386,,Template is well-optimized,LOW
TPL_0387,,"Add personalization (your, you)",LOW
TPL_0388,,Template is well-optimized,LOW
TPL_0389,,Template is well-optimized,LOW
TPL_0390,,"Increase positive sentiment; Add engagement keywords (streak, coins, etc.)",LOW
TPL_0391,,Shorten message (< 15 words); Increase positive sentiment,LOW
TPL_0392,,Increase positive sentiment,LOW
TPL_0393,,"Add engagement keywords (streak, coins, etc.)",LOW
TPL_0394,,Increase positive sentiment,LOW
TPL_0395,,Template is well-optimized,LOW
TPL_0396,,Template is well-optimized,LOW
TPL_0397,,"Add personalization (your, you)",LOW
TPL_0398,,Template is well-optimized,LOW
TPL_0399,,Template is well-optimized,LOW
TPL_0400,,"Increase positive sentiment; Add engagement keywords (streak, coins, etc.)",LOW
TPL_0401,,Shorten message (< 15 words); Increase positive sentiment,LOW
TPL_0402,,Increase positive sentiment,LOW
TPL_0403,,"Add engagement keywords (streak, coins, etc.)",LOW
TPL_0404,,Increase positive sentiment,LOW
TPL_0405,,Template is well-optimized,LOW
TPL_0406,,Template is well-optimized,LOW
TPL_0407,,"Add personalization (your, you)",LOW
TPL_0408,,Template is well-optimized,LOW
TPL_0409,,Template is well-optimized,LOW
TPL_0410,,"Increase positive sentiment; Add engagement keywords (streak, coins, etc.)",LOW
TPL_0411,,Shorten message (< 15 words); Increase positive sentiment,LOW
TPL_0412,,Increase positive sentiment,LOW
TPL_0413,,"Add engagement keywords (streak, coins, etc.)",LOW
TPL_0414,,Increase positive sentiment,LOW
TPL_0415,,Template is well-optimized,LOW
TPL_0416,,"Add personalization (your, you)",LOW
TPL_0417,,"Add engagement keywords (streak, coins, etc.)",LOW
TPL_0418,,"Add personalization (your, you)",LOW
TPL_0419,,Template is well-optimized,LOW
TPL_0420,,"Increase positive sentiment; Add personalization (your, you)",LOW
TPL_0421,,Shorten message (< 15 words); Increase positive sentiment,LOW
TPL_0422,,Increase positive sentiment,LOW
TPL_0423,,"Add engagement keywords (streak, coins, etc.)",LOW
TPL_0424,,Increase positive sentiment,LOW
TPL_0425,,Template is well-optimized,LOW
TPL_0426,,"Add personalization (your, you)",LOW
TPL_0427,,"Add engagement keywords (streak, coins, etc.)",LOW
TPL_0428,,"Add personalization (your, you)",LOW
TPL_0429,,Template is well-optimized,LOW
TPL_0430,,"Increase positive sentiment; Add personalization (your, you)",LOW
TPL_0431,,Shorten message (< 15 words); Increase positive sentiment,LOW
TPL_0432,,Increase positive sentiment,LOW
TPL_0433,,"Add engagement keywords (streak, coins, etc.)",LOW
TPL_0434,,Increase positive sentiment,LOW
TPL_0435,,Template is well-optimized,LOW
TPL_0436,,"Add personalization (your, you)",LOW
TPL_0437,,"Add engagement keywords (streak, coins, etc.)",LOW
TPL_0438,,"Add personalization (your, you)",LOW
TPL_0439,,Template is well-optimized,LOW
TPL_0440,,"Increase positive sentiment; Add personalization (your, you)",LOW
TPL_0441,,Shorten message (< 15 words); Increase positive sentiment,LOW
TPL_0442,,Increase positive sentiment,LOW
TPL_0443,,"Add engagement keywords (streak, coins, etc.)",LOW
TPL_0444,,Increase positive sentiment,LOW
TPL_0445,,Template is well-optimized,LOW
TPL_0446,,"Add personalization (your, you)",LOW
TPL_0447,,"Add engagement keywords (streak, coins, etc.)",LOW
TPL_0448,,"Add personalization (your, you)",LOW
TPL_0449,,Template is well-optimized,LOW
TPL_0450,,"Increase positive sentiment; Add personalization (your, you)",LOW
TPL_0451,,Shorten message (< 15 words); Increase positive sentiment,LOW
TPL_0452,,Increase positive sentiment,LOW
TPL_0453,,"Add engagement keywords (streak, coins, etc.)",LOW
TPL_0454,,Increase positive sentiment,LOW
TPL_0455,,Template is well-optimized,LOW
TPL_0456,,"Add engagement keywords (streak, coins, etc.); Add personalization (your, you)",LOW
TPL_0457,,"Add engagement keywords (streak, coins, etc.); Add personalization (your, you)",LOW
TPL_0458,,Template is well-optimized,LOW
TPL_0459,,Template is well-optimized,LOW
TPL_0460,,"Add personalization (your, you)",LOW
TPL_0461,,"Add engagement keywords (streak, coins, etc.); Add personalization (your, you)",LOW
TPL_0462,,"Add engagement keywords (streak, coins, etc.); Add personalization (your, you)",LOW
TPL_0463,,Template is well-optimized,LOW
TPL_0464,,Template is well-optimized,LOW
TPL_0465,,"Add personalization (your, you)",LOW
TPL_0466,,"Add engagement keywords (streak, coins, etc.); Add personalization (your, you)",LOW
TPL_0467,,"Add engagement keywords (streak, coins, etc.); Add personalization (your, you)",LOW
TPL_0468,,Template is well-optimized,LOW
TPL_0469,,"Add engagement keywords (streak, coins, etc.)",LOW
TPL_0470,,Template is well-optimized,LOW
TPL_0471,,Template is well-optimized,LOW
TPL_0472,,Template is well-optimized,LOW
TPL_0473,,"Add personalization (your, you)",LOW
TPL_0474,,"Add engagement keywords (streak, coins, etc.)",LOW
TPL_0475,,Template is well-optimized,LOW
TPL_0476,,Template is well-optimized,LOW
TPL_0477,,Template is well-optimized,LOW
TPL_0478,,Template is well-optimized,LOW
TPL_0479,,Template is well-optimized,LOW
TPL_0480,,"Add engagement keywords (streak, coins, etc.)",LOW
TPL_0481,,Template is well-optimized,LOW
TPL_0482,,Template is well-optimized,LOW
TPL_0483,,"Add personalization (your, you)",LOW
TPL_0484,,"Add engagement keywords (streak, coins, etc.)",LOW
TPL_0485,,Template is well-optimized,LOW
TPL_0486,,Template is well-optimized,LOW
TPL_0487,,Template is well-optimized,LOW
TPL_0488,,Template is well-optimized,LOW
TPL_0489,,Template is well-optimized,LOW
TPL_0490,,"Add engagement keywords (streak, coins, etc.)",LOW
TPL_0491,,Template is well-optimized,LOW
TPL_0492,,Template is well-optimized,LOW
TPL_0493,,"Add personalization (your, you)",LOW
TPL_0494,,"Add engagement keywords (streak, coins, etc.)",LOW
TPL_0495,,Template is well-optimized,LOW
TPL_0496,,Template is well-optimized,LOW
TPL_0497,,Template is well-optimized,LOW
TPL_0498,,Template is well-optimized,LOW
TPL_0499,,Template is well-optimized,LOW
TPL_0500,,"Add engagement keywords (streak, coins, etc.)",LOW
TPL_0501,,"Add engagement keywords (streak, coins, etc.); Add personalization (your, you)",LOW
TPL_0502,,"Add engagement keywords (streak, coins, etc.); Add personalization (your, you)",LOW
TPL_0503,,Template is well-optimized,LOW
TPL_0504,,Template is well-optimized,LOW
TPL_0505,,"Add personalization (your, you)",LOW
TPL_0506,,Template is well-optimized,LOW
TPL_0507,,Template is well-optimized,LOW
TPL_0508,,"Add personalization (your, you)",LOW
TPL_0509,,"Add engagement keywords (streak, coins, etc.)",LOW
TPL_0510,,Template is well-optimized,LOW
TPL_0511,,"Add engagement keywords (streak, coins, etc.); Add personalization (your, you)",LOW
TPL_0512,,"Add engagement keywords (streak, coins, etc.); Add personalization (your, you)",LOW
TPL_0513,,Template is well-optimized,LOW
TPL_0514,,Template is well-optimized,LOW
TPL_0515,,"Add personalization (your, you)",LOW
TPL_0516,,Template is well-optimized,LOW
TPL_0517,,Template is well-optimized,LOW
TPL_0518,,"Add personalization (your, you)",LOW
TPL_0519,,"Add engagement keywords (streak, coins, etc.)",LOW
TPL_0520,,Template is well-optimized,LOW
TPL_0521,,"Add engagement keywords (streak, coins, etc.); Add personalization (your, you)",LOW
TPL_0522,,"Add engagement keywords (streak, coins, etc.); Add personalization (your, you)",LOW
TPL_0523,,Template is well-optimized,LOW
TPL_0524,,Template is well-optimized,LOW
TPL_0525,,"Add personalization (your, you)",LOW
TPL_0526,,Template is well-optimized,LOW
TPL_0527,,Template is well-optimized,LOW
TPL_0528,,"Add personalization (your, you)",LOW
TPL_0529,,"Add engagement keywords (streak, coins, etc.)",LOW
TPL_0530,,Template is well-optimized,LOW
TPL_0531,,"Add engagement keywords (streak, coins, etc.); Add personalization (your, you)",LOW
TPL_0532,,"Add engagement keywords (streak, coins, etc.); Add personalization (your, you)",LOW
TPL_0533,,Template is well-optimized,LOW
TPL_0534,,Template is well-optimized,LOW
TPL_0535,,"Add personalization (your, you)",LOW
TPL_0536,,Template is well-optimized,LOW
TPL_0537,,Template is well-optimized,LOW
TPL_0538,,"Add personalization (your, you)",LOW
TPL_0539,,"Add engagement keywords (streak, coins, etc.)",LOW
TPL_0540,,Template is well-optimized,LOW
TPL_0541,,Shorten message (< 15 words); Increase positive sentiment,LOW
TPL_0542,,Increase positive sentiment,LOW
TPL_0543,,"Add engagement keywords (streak, coins, etc.)",LOW
TPL_0544,,Increase positive sentiment,LOW
TPL_0545,,Template is well-optimized,LOW
TPL_0546,,"Add engagement keywords (streak, coins, etc.); Add personalization (your, you)",LOW
TPL_0547,,"Add engagement keywords (streak, coins, etc.); Add personalization (your, you)",LOW
TPL_0548,,Template is well-optimized,LOW
TPL_0549,,Template is well-optimized,LOW
TPL_0550,,"Add personalization (your, you)",LOW
TPL_0551,,"Add engagement keywords (streak, coins, etc.); Add personalization (your, you)",LOW
TPL_0552,,"Add engagement keywords (streak, coins, etc.); Add personalization (your, you)",LOW
TPL_0553,,Template is well-optimized,LOW
TPL_0554,,Template is well-optimized,LOW
TPL_0555,,"Add personalization (your, you)",LOW
TPL_0556,,"Add engagement keywords (streak, coins, etc.); Add personalization (your, you)",LOW
TPL_0557,,"Add engagement keywords (streak, coins, etc.); Add personalization (your, you)",LOW
TPL_0558,,Template is well-optimized,LOW
TPL_0559,,"Add engagement keywords (streak, coins, etc.)",LOW
TPL_0560,,Template is well-optimized,LOW
TPL_0561,,Template is well-optimized,LOW
TPL_0562,,Template is well-optimized,LOW
TPL_0563,,"Add personalization (your, you)",LOW
TPL_0564,,"Add engagement keywords (streak, coins, etc.)",LOW
TPL_0565,,Template is well-optimized,LOW
TPL_0566,,Template is well-optimized,LOW
TPL_0567,,Template is well-optimized,LOW
TPL_0568,,Template is well-optimized,LOW
TPL_0569,,Template is well-optimized,LOW
TPL_0570,,"Add engagement keywords (streak, coins, etc.)",LOW
TPL_0571,,Template is well-optimized,LOW
TPL_0572,,Template is well-optimized,LOW
TPL_0573,,"Add personalization (your, you)",LOW
TPL_0574,,"Add engagement keywords (streak, coins, etc.)",LOW
TPL_0575,,Template is well-optimized,LOW
TPL_0576,,Template is well-optimized,LOW
TPL_0577,,Template is well-optimized,LOW
TPL_0578,,Template is well-optimized,LOW
TPL_0579,,Template is well-optimized,LOW
TPL_0580,,"Add engagement keywords (streak, coins, etc.)",LOW
TPL_0581,,Template is well-optimized,LOW
TPL_0582,,Template is well-optimized,LOW
TPL_0583,,"Add personalization (your, you)",LOW
TPL_0584,,"Add engagement keywords (streak, coins, etc.)",LOW
TPL_0585,,Template is well-optimized,LOW
TPL_0586,,Template is well-optimized,LOW
TPL_0587,,Template is well-optimized,LOW
TPL_0588,,Template is well-optimized,LOW
TPL_0589,,Template is well-optimized,LOW
TPL_0590,,"Add engagement keywords (streak, coins, etc.)",LOW
TPL_0591,,"Add engagement keywords (streak, coins, etc.); Add personalization (your, you)",LOW
TPL_0592,,"Add engagement keywords (streak, coins, etc.); Add personalization (your, you)",LOW
TPL_0593,,Template is well-optimized,LOW
TPL_0594,,Template is well-optimized,LOW
TPL_0595,,"Add personalization (your, you)",LOW
TPL_0596,,Template is well-optimized,LOW
TPL_0597,,Template is well-optimized,LOW
TPL_0598,,"Add personalization (your, you)",LOW
TPL_0599,,"Add engagement keywords (streak, coins, etc.)",LOW
TPL_0600,,Template is well-optimized,LOW
TPL_0601,,"Add engagement keywords (streak, coins, etc.); Add personalization (your, you)",LOW
TPL_0602,,"Add engagement keywords (streak, coins, etc.); Add personalization (your, you)",LOW
TPL_0603,,Template is well-optimized,LOW
TPL_0604,,Template is well-optimized,LOW
TPL_0605,,"Add personalization (your, you)",LOW
TPL_0606,,Template is well-optimized,LOW
TPL_0607,,Template is well-optimized,LOW
TPL_0608,,"Add personalization (your, you)",LOW
TPL_0609,,"Add engagement keywords (streak, coins, etc.)",LOW
TPL_0610,,Template is well-optimized,LOW
TPL_0611,,"Add engagement keywords (streak, coins, etc.); Add personalization (your, you)",LOW
TPL_0612,,"Add engagement keywords (streak, coins, etc.); Add personalization (your, you)",LOW
TPL_0613,,Template is well-optimized,LOW
TPL_0614,,Template is well-optimized,LOW
TPL_0615,,"Add personalization (your, you)",LOW
TPL_0616,,Template is well-optimized,LOW
TPL_0617,,Template is well-optimized,LOW
TPL_0618,,"Add personalization (your, you)",LOW
TPL_0619,,"Add engagement keywords (streak, coins, etc.)",LOW
TPL_0620,,Template is well-optimized,LOW
TPL_0621,,"Add engagement keywords (streak, coins, etc.); Add personalization (your, you)",LOW
TPL_0622,,"Add engagement keywords (streak, coins, etc.); Add personalization (your, you)",LOW
TPL_0623,,Template is well-optimized,LOW
TPL_0624,,Template is well-optimized,LOW
TPL_0625,,"Add personalization (your, you)",LOW
TPL_0626,,Template is well-optimized,LOW
TPL_0627,,Template is well-optimized,LOW
TPL_0628,,"Add personalization (your, you)",LOW
TPL_0629,,"Add engagement keywords (streak, coins, etc.)",LOW
TPL_0630,,Template is well-optimized,LOW
TPL_0631,,Shorten message (< 15 words); Increase positive sentiment,LOW
TPL_0632,,Increase positive sentiment,LOW
TPL_0633,,"Add engagement keywords (streak, coins, etc.)",LOW
TPL_0634,,Increase positive sentiment,LOW
TPL_0635,,Template is well-optimized,LOW
TPL_0636,,"Add engagement keywords (streak, coins, etc.); Add personalization (your, you)",LOW
TPL_0637,,"Add engagement keywords (streak, coins, etc.); Add personalization (your, you)",LOW
TPL_0638,,Template is well-optimized,LOW
TPL_0639,,Template is well-optimized,LOW
TPL_0640,,"Add personalization (your, you)",LOW
TPL_0641,,"Add engagement keywords (streak, coins, etc.); Add personalization (your, you)",LOW
TPL_0642,,"Add engagement keywords (streak, coins, etc.); Add personalization (your, you)",LOW
TPL_0643,,Template is well-optimized,LOW
TPL_0644,,Template is well-optimized,LOW
TPL_0645,,"Add personalization (your, you)",LOW
TPL_0646,,"Add engagement keywords (streak, coins, etc.); Add personalization (your, you)",LOW
TPL_0647,,"Add engagement keywords (streak, coins, etc.); Add personalization (your, you)",LOW
TPL_0648,,Template is well-optimized,LOW
TPL_0649,,"Add engagement keywords (streak, coins, etc.)",LOW
TPL_0650,,Template is well-optimized,LOW
TPL_0651,,Template is well-optimized,LOW
TPL_0652,,Template is well-optimized,LOW
TPL_0653,,"Add personalization (your, you)",LOW
TPL_0654,,"Add engagement keywords (streak, coins, etc.)",LOW
TPL_0655,,Template is well-optimized,LOW
TPL_0656,,Template is well-optimized,LOW
TPL_0657,,Template is well-optimized,LOW
TPL_0658,,Template is well-optimized,LOW
TPL_0659,,Template is well-optimized,LOW
TPL_0660,,"Add engagement keywords (streak, coins, etc.)",LOW
TPL_0661,,Template is well-optimized,LOW
TPL_0662,,Template is well-optimized,LOW
TPL_0663,,"Add personalization (your, you)",LOW
TPL_0664,,"Add engagement keywords (streak, coins, etc.)",LOW
TPL_0665,,Template is well-optimized,LOW
TPL_0666,,Template is well-optimized,LOW
TPL_0667,,Template is well-optimized,LOW
TPL_0668,,Template is well-optimized,LOW
TPL_0669,,Template is well-optimized,LOW
TPL_0670,,"Add engagement keywords (streak, coins, etc.)",LOW
TPL_0671,,Template is well-optimized,LOW
TPL_0672,,Template is well-optimized,LOW
TPL_0673,,"Add personalization (your, you)",LOW
TPL_0674,,"Add engagement keywords (streak, coins, etc.)",LOW
TPL_0675,,Template is well-optimized,LOW
TPL_0676,,Template is well-optimized,LOW
TPL_0677,,Template is well-optimized,LOW
TPL_0678,,Template is well-optimized,LOW
TPL_0679,,Template is well-optimized,LOW
TPL_0680,,"Add engagement keywords (streak, coins, etc.)",LOW
TPL_0681,,"Add engagement keywords (streak, coins, etc.); Add personalization (your, you)",LOW
TPL_0682,,"Add engagement keywords (streak, coins, etc.); Add personalization (your, you)",LOW
TPL_0683,,Template is well-optimized,LOW
TPL_0684,,Template is well-optimized,LOW
TPL_0685,,"Add personalization (your, you)",LOW
TPL_0686,,Template is well-optimized,LOW
TPL_0687,,Template is well-optimized,LOW
TPL_0688,,"Add personalization (your, you)",LOW
TPL_0689,,"Add engagement keywords (streak, coins, etc.)",LOW
TPL_0690,,Template is well-optimized,LOW
TPL_0691,,"Add engagement keywords (streak, coins, etc.); Add personalization (your, you)",LOW
TPL_0692,,"Add engagement keywords (streak, coins, etc.); Add personalization (your, you)",LOW
TPL_0693,,Template is well-optimized,LOW
TPL_0694,,Template is well-optimized,LOW
TPL_0695,,"Add personalization (your, you)",LOW
TPL_0696,,Template is well-optimized,LOW
TPL_0697,,Template is well-optimized,LOW
TPL_0698,,"Add personalization (your, you)",LOW
TPL_0699,,"Add engagement keywords (streak, coins, etc.)",LOW
TPL_0700,,Template is well-optimized,LOW
TPL_0701,,"Add engagement keywords (streak, coins, etc.); Add personalization (your, you)",LOW
TPL_0702,,"Add engagement keywords (streak, coins, etc.); Add personalization (your, you)",LOW
TPL_0703,,Template is well-optimized,LOW
TPL_0704,,Template is well-optimized,LOW
TPL_0705,,"Add personalization (your, you)",LOW
TPL_0706,,Template is well-optimized,LOW
TPL_0707,,Template is well-optimized,LOW
TPL_0708,,"Add personalization (your, you)",LOW
TPL_0709,,"Add engagement keywords (streak, coins, etc.)",LOW
TPL_0710,,Template is well-optimized,LOW
TPL_0711,,"Add engagement keywords (streak, coins, etc.); Add personalization (your, you)",LOW
TPL_0712,,"Add engagement keywords (streak, coins, etc.); Add personalization (your, you)",LOW
TPL_0713,,Template is well-optimized,LOW
TPL_0714,,Template is well-optimized,LOW
TPL_0715,,"Add personalization (your, you)",LOW
TPL_0716,,Template is well-optimized,LOW
TPL_0717,,Template is well-optimized,LOW
TPL_0718,,"Add personalization (your, you)",LOW
TPL_0719,,"Add engagement keywords (streak, coins, etc.)",LOW
TPL_0720,,Template is well-optimized,LOW
